budget_ms,seed,n_cells,delta,n_items,n_cal_mean,n_cal_min,gamma_mean,R_cert,R_floor,R_statistical,Lhat_mean,realized_violation,ndcg10,valid,fraction
80.0,13,2,0.1,720,69.0,35,2.1646293704316353,0.3597047831514474,0.015883058797861897,0.3438217243535855,0.0048543689320388345,0.0,0.40449462142890447,True,0.1
80.0,17,2,0.1,720,70.5,39,2.4597782743708527,0.43398090848216986,0.04229963426807392,0.39168127421409593,0.00980392156862745,0.0136986301369863,0.5864254622320823,True,0.1
80.0,23,2,0.1,720,67.5,37,2.33968837438281,0.320761343449776,0.0,0.320761343449776,0.0,0.0044444444444444444,0.5469212991840499,True,0.1
80.0,29,2,0.1,720,63.5,37,2.640503802450402,0.36879647955918815,0.0,0.36879647955918815,0.0,0.021739130434782608,0.6910594841222021,True,0.1
80.0,31,2,0.1,720,67.5,35,2.515969033321559,0.3540429136227232,0.0,0.3540429136227232,0.0,0.0044444444444444444,0.5220992213316192,True,0.1
80.0,13,2,0.05,720,69.0,35,2.1646293704316353,0.42008194795263765,0.015883058797861897,0.40419888915477575,0.0048543689320388345,0.0,0.40449462142890447,True,0.1
80.0,17,2,0.05,720,70.5,39,2.4597782743708527,0.4996568593599929,0.04229963426807392,0.4573572250919189,0.00980392156862745,0.0136986301369863,0.5864254622320823,True,0.1
80.0,23,2,0.05,720,67.5,37,2.33968837438281,0.38103298518013373,0.0,0.38103298518013373,0.0,0.0044444444444444444,0.5469212991840499,True,0.1
80.0,29,2,0.05,720,63.5,37,2.640503802450402,0.4380940110146547,0.0,0.4380940110146547,0.0,0.021739130434782608,0.6910594841222021,True,0.1
80.0,31,2,0.05,720,67.5,35,2.515969033321559,0.42056822311776193,0.0,0.42056822311776193,0.0,0.0044444444444444444,0.5220992213316192,True,0.1
80.0,13,3,0.1,720,46.0,16,2.893604651162791,0.6459471369534581,0.3438202247191011,0.30212691223435695,0.020833333333333332,0.0,0.4186754593326345,True,0.1
80.0,17,3,0.1,720,47.0,18,4.043287037037037,0.773085760044278,0.04732978992660086,0.7257559701176771,0.037037037037037035,0.011428571428571429,0.5642903433235571,True,0.1
80.0,23,3,0.1,720,45.0,26,3.4235233456439897,0.5941936922452586,0.0,0.5941936922452586,0.0,0.004987531172069825,0.5777966148501658,True,0.1
80.0,29,3,0.1,720,42.333333333333336,16,1.4304267161410018,0.6868944290400454,0.25481798715203424,0.4320764418880112,0.0,0.021739130434782608,0.6910594841222021,True,0.1
80.0,31,3,0.1,720,45.0,20,1.6298028128171669,0.46791385244636724,0.0,0.46791385244636724,0.0,0.006666666666666667,0.5353926624044,True,0.1
80.0,13,3,0.05,720,46.0,16,2.893604651162791,0.6970953523036753,0.3438202247191011,0.35327512758457413,0.020833333333333332,0.0,0.4186754593326345,True,0.1
80.0,17,3,0.05,720,47.0,18,4.043287037037037,0.8443959297216896,0.04732978992660086,0.7988014833346762,0.037037037037037035,0.011428571428571429,0.5642903433235571,True,0.1
80.0,23,3,0.05,720,45.0,26,3.4235233456439897,0.6615154633006075,0.0,0.6615154633006075,0.0,0.004987531172069825,0.5777966148501658,True,0.1
80.0,29,3,0.05,720,42.333333333333336,16,1.4304267161410018,0.7600422950610004,0.25481798715203424,0.5052243079089662,0.0,0.021739130434782608,0.6910594841222021,True,0.1
80.0,31,3,0.05,720,45.0,20,1.6298028128171669,0.5471287701552272,0.0,0.5471287701552272,0.0,0.006666666666666667,0.5353926624044,True,0.1
80.0,13,4,0.1,720,34.5,4,1.5861404745125676,0.7795940104352409,0.26853932584269663,0.5110546845925444,0.015625,0.0,0.41800850506819565,True,0.1
80.0,17,4,0.1,720,35.25,4,2.0247685185185187,0.8034745414374269,0.27284231840040496,0.5306322230370221,0.027777777777777776,0.0136986301369863,0.581966197507431,True,0.1
80.0,23,4,0.1,720,33.75,3,3.6849828081844316,0.6270424907613037,0.0,0.6270424907613037,0.0,0.004987531172069825,0.5766405971404576,True,0.1
80.0,29,4,0.1,720,31.75,2,1.4304267161410018,0.7172535364309666,0.25481798715203424,0.46243554927893227,0.0,0.021739130434782608,0.6914508136398053,True,0.1
80.0,31,4,0.1,720,33.75,2,1.6130417893267333,0.5122832284695281,0.0,0.5122832284695281,0.0,0.00516795865633075,0.5551255029409287,True,0.1
80.0,13,4,0.05,720,34.5,4,1.5861404745125676,0.8338881388981917,0.26853932584269663,0.5828011614248688,0.015625,0.0,0.41800850506819565,True,0.1
80.0,17,4,0.05,720,35.25,4,2.0247685185185187,0.8547563571662428,0.27284231840040496,0.603443583522311,0.027777777777777776,0.0136986301369863,0.581966197507431,True,0.1
80.0,23,4,0.05,720,33.75,3,3.6849828081844316,0.6853756012919267,0.0,0.6853756012919267,0.0,0.004987531172069825,0.5766405971404576,True,0.1
80.0,29,4,0.05,720,31.75,2,1.4304267161410018,0.7904014024519216,0.25481798715203424,0.5355834152998874,0.0,0.021739130434782608,0.6914508136398053,True,0.1
80.0,31,4,0.05,720,33.75,2,1.6130417893267333,0.5901523881753535,0.0,0.5901523881753535,0.0,0.00516795865633075,0.5551255029409287,True,0.1
80.0,13,2,0.1,1439,139.5,72,2.4073415661115063,0.2113181641130797,0.01764001827013799,0.19367814584294168,0.004830917874396135,0.0011337868480725624,0.5596053458269135,True,0.2
80.0,17,2,0.1,1439,141.5,64,2.637445733252842,0.23684552379128293,0.018047980907921025,0.2187975428833619,0.0045662100456621,0.003436426116838488,0.5479823495975807,True,0.2
80.0,23,2,0.1,1439,137.0,74,2.63034046658301,0.2902145994308221,0.040282630947982935,0.24993196848283916,0.014256756756756757,0.0011210762331838565,0.5525302231229001,True,0.2
80.0,29,2,0.1,1439,131.0,59,2.515145936393295,0.22427971788505513,0.009363040356588243,0.21491667752846688,0.0024630541871921183,0.00546448087431694,0.5421582607377162,True,0.2
80.0,31,2,0.1,1439,135.0,66,2.309904379002236,0.2757458573066808,0.05597759719803233,0.21976826010864842,0.014705882352941176,0.014460511679644048,0.581910198165255,True,0.2
80.0,13,2,0.05,1439,139.5,72,2.4073415661115063,0.24439869350009855,0.01764001827013799,0.22675867522996054,0.004830917874396135,0.0011337868480725624,0.5596053458269135,True,0.2
80.0,17,2,0.05,1439,141.5,64,2.637445733252842,0.2745689830324811,0.018047980907921025,0.2565210021245601,0.0045662100456621,0.003436426116838488,0.5479823495975807,True,0.2
80.0,23,2,0.05,1439,137.0,74,2.63034046658301,0.32987012759737866,0.040282630947982935,0.28958749664939576,0.014256756756756757,0.0011210762331838565,0.5525302231229001,True,0.2
80.0,29,2,0.05,1439,131.0,59,2.515145936393295,0.2621708105033681,0.009363040356588243,0.2528077701467799,0.0024630541871921183,0.00546448087431694,0.5421582607377162,True,0.2
80.0,31,2,0.05,1439,135.0,66,2.309904379002236,0.31103341453570554,0.05597759719803233,0.2550558173376732,0.014705882352941176,0.014460511679644048,0.581910198165255,True,0.2
80.0,13,3,0.1,1439,93.0,40,2.064534812124323,0.29786690414442796,0.01984126984126984,0.2780256343031581,0.016666666666666666,0.0013227513227513227,0.5910128038733095,True,0.2
80.0,17,3,0.1,1439,94.33333333333333,43,1.9553548113330723,0.2455036448191893,0.0,0.2455036448191893,0.0,0.003436426116838488,0.553907799192008,True,0.2
80.0,23,3,0.1,1439,91.33333333333333,36,2.2967189127903413,0.32470784869130964,0.015960948275482424,0.3087469004158272,0.006537024829707756,0.0011210762331838565,0.5595908272830519,True,0.2
80.0,29,3,0.1,1439,87.33333333333333,41,2.1316162190041017,0.265891622605314,0.0,0.265891622605314,0.0,0.002484472049689441,0.5672488673316609,True,0.2
80.0,31,3,0.1,1439,90.0,47,2.062526155960954,0.25966931072138627,0.008496438122736847,0.2511728725986494,0.0070921985815602835,0.016645326504481434,0.6149622268362309,True,0.2
80.0,13,3,0.05,1439,93.0,40,2.064534812124323,0.3414492926665781,0.01984126984126984,0.3216080228253082,0.016666666666666666,0.0013227513227513227,0.5910128038733095,True,0.2
80.0,17,3,0.05,1439,94.33333333333333,43,1.9553548113330723,0.28706589163000873,0.0,0.28706589163000873,0.0,0.003436426116838488,0.553907799192008,True,0.2
80.0,23,3,0.05,1439,91.33333333333333,36,2.2967189127903413,0.3729595636865857,0.015960948275482424,0.3569986154111032,0.006537024829707756,0.0011210762331838565,0.5595908272830519,True,0.2
80.0,29,3,0.05,1439,87.33333333333333,41,2.1316162190041017,0.31090542780478586,0.0,0.31090542780478586,0.0,0.002484472049689441,0.5672488673316609,True,0.2
80.0,31,3,0.05,1439,90.0,47,2.062526155960954,0.3000528476362695,0.008496438122736847,0.2915564095135327,0.0070921985815602835,0.016645326504481434,0.6149622268362309,True,0.2
80.0,13,4,0.1,1439,69.75,4,1.9006546641242505,0.3099391491808697,0.01984126984126984,0.29009787933959985,0.0125,0.0013227513227513227,0.5892028341310448,True,0.2
80.0,17,4,0.1,1439,70.75,11,1.6266152438945556,0.2706564261493619,0.0,0.2706564261493619,0.0,0.003436426116838488,0.5548588608645693,True,0.2
80.0,23,4,0.1,1439,68.5,9,2.2862969158363016,0.3554551982874221,0.009862750093371491,0.34559244819405066,0.0033783783783783786,0.00129366106080207,0.5779386336957407,True,0.2
80.0,29,4,0.1,1439,65.5,10,1.9604733080658296,0.2999604325508143,0.0,0.2999604325508143,0.0,0.002484472049689441,0.5667030359724415,True,0.2
80.0,31,4,0.1,1439,67.5,9,2.1374306625577812,0.30345963643034374,0.008496438122736847,0.2949631983076069,0.005319148936170213,0.016624040920716114,0.6135630780972817,True,0.2
80.0,13,4,0.05,1439,69.75,4,1.9006546641242505,0.3488783342245753,0.01984126984126984,0.3290370643833055,0.0125,0.0013227513227513227,0.5892028341310448,True,0.2
80.0,17,4,0.05,1439,70.75,11,1.6266152438945556,0.3100261232323349,0.0,0.3100261232323349,0.0,0.003436426116838488,0.5548588608645693,True,0.2
80.0,23,4,0.05,1439,68.5,9,2.2862969158363016,0.40329359573304,0.009862750093371491,0.39343084563966857,0.0033783783783783786,0.00129366106080207,0.5779386336957407,True,0.2
80.0,29,4,0.05,1439,65.5,10,1.9604733080658296,0.34360482593247227,0.0,0.34360482593247227,0.0,0.002484472049689441,0.5667030359724415,True,0.2
80.0,31,4,0.05,1439,67.5,9,2.1374306625577812,0.34365568486720044,0.008496438122736847,0.3351592467444636,0.005319148936170213,0.016624040920716114,0.6135630780972817,True,0.2
80.0,13,2,0.1,2518,243.0,127,2.4927413917364083,0.09537188646000555,0.0,0.09537188646000555,0.0,0.0029069767441860465,0.45030545737865474,True,0.35
80.0,17,2,0.1,2518,249.0,141,2.551597895494539,0.09199515833791228,0.0,0.09199515833791228,0.0,0.008535784635587657,0.5921470608308113,True,0.35
80.0,23,2,0.1,2518,247.5,117,2.5691288189195634,0.09740307139984226,0.0,0.09740307139984226,0.0,0.0049261083743842365,0.45208865385867775,True,0.35
80.0,29,2,0.1,2518,237.5,119,2.4747189680904564,0.09717912897539854,0.0,0.09717912897539854,0.0,0.001913265306122449,0.4211803818366456,True,0.35
80.0,31,2,0.1,2518,235.0,125,2.3947082354828737,0.12293032481095528,0.010193539472041607,0.11273678533891367,0.002898550724637681,0.0031665611146295125,0.5414876408811217,True,0.35
80.0,13,2,0.05,2518,243.0,127,2.4927413917364083,0.11329243795179042,0.0,0.11329243795179042,0.0,0.0029069767441860465,0.45030545737865474,True,0.35
80.0,17,2,0.05,2518,249.0,141,2.551597895494539,0.10928121645400925,0.0,0.10928121645400925,0.0,0.008535784635587657,0.5921470608308113,True,0.35
80.0,23,2,0.05,2518,247.5,117,2.5691288189195634,0.1157052862481441,0.0,0.1157052862481441,0.0,0.0049261083743842365,0.45208865385867775,True,0.35
80.0,29,2,0.05,2518,237.5,119,2.4747189680904564,0.11543926463351764,0.0,0.11543926463351764,0.0,0.001913265306122449,0.4211803818366456,True,0.35
80.0,31,2,0.05,2518,235.0,125,2.3947082354828737,0.14219804400324687,0.010193539472041607,0.13200450453120524,0.002898550724637681,0.0031665611146295125,0.5414876408811217,True,0.35
80.0,13,3,0.1,2518,162.0,74,2.3822018077707185,0.1446126569723919,0.0,0.1446126569723919,0.0,0.0035671819262782403,0.47116098856157956,True,0.35
80.0,17,3,0.1,2518,166.0,74,2.775130608904826,0.14651615004123747,0.0,0.14651615004123747,0.0,0.009730538922155689,0.6201953653696729,True,0.35
80.0,23,3,0.1,2518,165.0,70,2.984337072997454,0.15870948975501298,0.0,0.15870948975501298,0.0,0.002617801047120419,0.5562179345731364,True,0.35
80.0,29,3,0.1,2518,158.33333333333334,60,2.2249382166417413,0.15186396217260328,0.0,0.15186396217260328,0.0,0.0022026431718061676,0.43123538921211496,True,0.35
80.0,31,3,0.1,2518,156.66666666666666,75,2.4300275710030057,0.17832529969723754,0.010622757019210472,0.1677025426780271,0.008888888888888889,0.0036845983787767134,0.5718952038412992,True,0.35
80.0,13,3,0.05,2518,162.0,74,2.3822018077707185,0.16909468429822463,0.0,0.16909468429822463,0.0,0.0035671819262782403,0.47116098856157956,True,0.35
80.0,17,3,0.05,2518,166.0,74,2.775130608904826,0.1713204269564329,0.0,0.1713204269564329,0.0,0.009730538922155689,0.6201953653696729,True,0.35
80.0,23,3,0.05,2518,165.0,70,2.984337072997454,0.18557802357769893,0.0,0.18557802357769893,0.0,0.002617801047120419,0.5562179345731364,True,0.35
80.0,29,3,0.05,2518,158.33333333333334,60,2.2249382166417413,0.17757359056584066,0.0,0.17757359056584066,0.0,0.0022026431718061676,0.43123538921211496,True,0.35
80.0,31,3,0.05,2518,156.66666666666666,75,2.4300275710030057,0.20483856319769445,0.010622757019210472,0.19421580617848397,0.008888888888888889,0.0036845983787767134,0.5718952038412992,True,0.35
80.0,13,4,0.1,2518,121.5,16,1.8680820030333312,0.1570568187433724,0.0,0.1570568187433724,0.0,0.0035671819262782403,0.4713173746525332,True,0.35
80.0,17,4,0.1,2518,124.5,9,2.936786798068522,0.16674325366578852,0.0,0.16674325366578852,0.0,0.009730538922155689,0.6201953653696729,True,0.35
80.0,23,4,0.1,2518,123.75,31,2.8104909347515354,0.2074834301680427,0.0,0.2074834301680427,0.0,0.002617801047120419,0.5557690819315174,True,0.35
80.0,29,4,0.1,2518,118.75,16,1.964702680003407,0.16703036550786343,0.0,0.16703036550786343,0.0,0.0022026431718061676,0.4311934682471382,True,0.35
80.0,31,4,0.1,2518,117.5,8,2.661806292038526,0.22880153725567726,0.010622757019210472,0.21817878023646675,0.006666666666666667,0.003681885125184094,0.5714737238551079,True,0.35
80.0,13,4,0.05,2518,121.5,16,1.8680820030333312,0.17842352756035357,0.0,0.17842352756035357,0.0,0.0035671819262782403,0.4713173746525332,True,0.35
80.0,17,4,0.05,2518,124.5,9,2.936786798068522,0.19021053841367244,0.0,0.19021053841367244,0.0,0.009730538922155689,0.6201953653696729,True,0.35
80.0,23,4,0.05,2518,123.75,31,2.8104909347515354,0.2403030742788066,0.0,0.2403030742788066,0.0,0.002617801047120419,0.5557690819315174,True,0.35
80.0,29,4,0.05,2518,118.75,16,1.964702680003407,0.19002124579896004,0.0,0.19002124579896004,0.0,0.0022026431718061676,0.4311934682471382,True,0.35
80.0,31,4,0.05,2518,117.5,8,2.661806292038526,0.2574949944038847,0.010622757019210472,0.24687223738467418,0.006666666666666667,0.003681885125184094,0.5714737238551079,True,0.35
80.0,13,2,0.1,3598,342.5,177,2.455231373256501,0.07981772531898082,0.003928943049374012,0.0758887822696068,0.000984251968503937,0.0017953321364452424,0.41389006357659464,True,0.5
80.0,17,2,0.1,3598,342.5,184,2.406784172479976,0.0926557434302672,0.011254602735913008,0.08140114069435417,0.0029940119760479044,0.006101694915254237,0.4437791656587849,True,0.5
80.0,23,2,0.1,3598,339.5,172,2.4503000968188657,0.06544583094929185,0.0,0.06544583094929185,0.0,0.0022311468094600626,0.5454080919944276,True,0.5
80.0,29,2,0.1,3598,341.0,161,2.313120778081359,0.06518279631665226,0.0,0.06518279631665226,0.0,0.0,0.42943963672178237,True,0.5
80.0,31,2,0.1,3598,337.5,173,2.30745440697979,0.06374465915960431,0.0,0.06374465915960431,0.0,0.003304692663582287,0.33859137455534355,True,0.5
80.0,13,2,0.05,3598,342.5,177,2.455231373256501,0.09303160642929113,0.003928943049374012,0.08910266337991712,0.000984251968503937,0.0017953321364452424,0.41389006357659464,True,0.5
80.0,17,2,0.05,3598,342.5,184,2.406784172479976,0.10622510856395262,0.011254602735913008,0.0949705058280396,0.0029940119760479044,0.006101694915254237,0.4437791656587849,True,0.5
80.0,23,2,0.05,3598,339.5,172,2.4503000968188657,0.07774322200426759,0.0,0.07774322200426759,0.0,0.0022311468094600626,0.5454080919944276,True,0.5
80.0,29,2,0.05,3598,341.0,161,2.313120778081359,0.07743076268419333,0.0,0.07743076268419333,0.0,0.0,0.42943963672178237,True,0.5
80.0,31,2,0.05,3598,337.5,173,2.30745440697979,0.0757223969311541,0.0,0.0757223969311541,0.0,0.003304692663582287,0.33859137455534355,True,0.5
80.0,13,3,0.1,3598,228.33333333333334,96,2.4321062186241527,0.11798022574155648,0.004198459006582884,0.1137817667349736,0.003472222222222222,0.0020502306509482316,0.42041691794637276,True,0.5
80.0,17,3,0.1,3598,228.33333333333334,110,3.038528745941291,0.15436271668263213,0.014979017729966529,0.13938369895266559,0.009934790947449175,0.005089058524173028,0.4830287969664065,True,0.5
80.0,23,3,0.1,3598,226.33333333333334,108,3.833883716736009,0.1253841071555774,0.0,0.1253841071555774,0.0,0.003036437246963563,0.5705787050246244,True,0.5
80.0,29,3,0.1,3598,227.33333333333334,106,5.744064347022231,0.21398667153957404,0.013287839399727644,0.20069883213984638,0.0028957965702909373,0.006649616368286445,0.6011814064324303,True,0.5
80.0,31,3,0.1,3598,225.0,116,2.3307145833753284,0.15109654035705955,0.019665075686178892,0.13143146467088065,0.010716700473292767,0.012364760432766615,0.5538853718882427,True,0.5
80.0,13,3,0.05,3598,228.33333333333334,96,2.4321062186241527,0.13618606088750487,0.004198459006582884,0.131987601880922,0.003472222222222222,0.0020502306509482316,0.42041691794637276,True,0.5
80.0,17,3,0.05,3598,228.33333333333334,110,3.038528745941291,0.17535239025675908,0.014979017729966529,0.16037337252679257,0.009934790947449175,0.005089058524173028,0.4830287969664065,True,0.5
80.0,23,3,0.05,3598,226.33333333333334,108,3.833883716736009,0.14661086006831875,0.0,0.14661086006831875,0.0,0.003036437246963563,0.5705787050246244,True,0.5
80.0,29,3,0.05,3598,227.33333333333334,106,5.744064347022231,0.24461931448379043,0.013287839399727644,0.2313314750840628,0.0028957965702909373,0.006649616368286445,0.6011814064324303,True,0.5
80.0,31,3,0.05,3598,225.0,116,2.3307145833753284,0.17047096539238576,0.019665075686178892,0.1508058897062069,0.010716700473292767,0.012364760432766615,0.5538853718882427,True,0.5
80.0,13,4,0.1,3598,171.25,24,2.4293320301148746,0.1431027889450345,0.004198459006582884,0.13890432993845164,0.0026041666666666665,0.0020491803278688526,0.41871767432760415,True,0.5
80.0,17,4,0.1,3598,171.25,16,2.6581100149527566,0.14853247009561493,0.012350222116189441,0.1361822479794255,0.007477812425041976,0.005089058524173028,0.48308926225082865,True,0.5
80.0,23,4,0.1,3598,169.75,10,4.016130685793607,0.16475395208502214,0.0,0.16475395208502214,0.0,0.003036437246963563,0.5706846663775458,True,0.5
80.0,29,4,0.1,3598,170.5,14,7.193669604450051,0.2855630106221615,0.0160098976206709,0.2695531130014906,0.0021926744385661005,0.006649616368286445,0.5997962524915252,True,0.5
80.0,31,4,0.1,3598,168.75,16,1.8812999838907807,0.1746445101795033,0.019665075686178892,0.1549794344933244,0.008037525354969575,0.012364760432766615,0.5539755628240396,True,0.5
80.0,13,4,0.05,3598,171.25,24,2.4293320301148746,0.16071870242179218,0.004198459006582884,0.1565202434152093,0.0026041666666666665,0.0020491803278688526,0.41871767432760415,True,0.5
80.0,17,4,0.05,3598,171.25,16,2.6581100149527566,0.1645779663063049,0.012350222116189441,0.15222774419011545,0.007477812425041976,0.005089058524173028,0.48308926225082865,True,0.5
80.0,23,4,0.05,3598,169.75,10,4.016130685793607,0.18693252404542654,0.0,0.18693252404542654,0.0,0.003036437246963563,0.5706846663775458,True,0.5
80.0,29,4,0.05,3598,170.5,14,7.193669604450051,0.32112847191896565,0.0160098976206709,0.3051185742982948,0.0021926744385661005,0.006649616368286445,0.5997962524915252,True,0.5
80.0,31,4,0.05,3598,168.75,16,1.8812999838907807,0.19216537817745521,0.019665075686178892,0.17250030249127632,0.008037525354969575,0.012364760432766615,0.5539755628240396,True,0.5
80.0,13,2,0.1,5396,523.5,288,2.3091054062501346,0.0535298760234547,0.004791884523364214,0.04873799150009049,0.0013175230566534915,0.004984141368373357,0.35152516106930726,True,0.75
80.0,17,2,0.1,5396,522.0,261,2.44014321049088,0.04375074289117239,0.0,0.04375074289117239,0.0,0.0012091898428053204,0.415730273775539,True,0.75
80.0,23,2,0.1,5396,518.5,259,2.3914320188276736,0.051794984873362294,0.0022701469271645303,0.04952483794619776,0.0006426735218508997,0.004526935264825713,0.45307540468222474,True,0.75
80.0,29,2,0.1,5396,525.0,267,2.462925788727387,0.057165266940345086,0.0044853999027858575,0.05267986703755924,0.001277139208173691,0.003033980582524272,0.5500431377052313,True,0.75
80.0,31,2,0.1,5396,515.0,284,2.3800862645748957,0.051387091747479796,0.002519075012193413,0.04886801673528639,0.0017605633802816902,0.004539264639128461,0.3411860707883785,True,0.75
80.0,13,2,0.05,5396,523.5,288,2.3091054062501346,0.06178655136785924,0.004791884523364214,0.05699466684449503,0.0013175230566534915,0.004984141368373357,0.35152516106930726,True,0.75
80.0,17,2,0.05,5396,522.0,261,2.44014321049088,0.051971587312802686,0.0,0.051971587312802686,0.0,0.0012091898428053204,0.415730273775539,True,0.75
80.0,23,2,0.05,5396,518.5,259,2.3914320188276736,0.06049655145504215,0.0022701469271645303,0.058226404527877626,0.0006426735218508997,0.004526935264825713,0.45307540468222474,True,0.75
80.0,29,2,0.05,5396,525.0,267,2.462925788727387,0.06622025598732063,0.0044853999027858575,0.06173485608453477,0.001277139208173691,0.003033980582524272,0.5500431377052313,True,0.75
80.0,31,2,0.05,5396,515.0,284,2.3800862645748957,0.05989898369406644,0.002519075012193413,0.057379908681873024,0.0017605633802816902,0.004539264639128461,0.3411860707883785,True,0.75
80.0,13,3,0.1,5396,349.0,176,2.7503895204829782,0.08428930194547733,0.006654025108749517,0.07763527683672782,0.005681818181818181,0.010692177827799663,0.39809198374828053,True,0.75
80.0,17,3,0.1,5396,348.0,174,3.2406414728715958,0.07596518958631807,0.0,0.07596518958631807,0.0,0.0013831258644536654,0.4183656099430592,True,0.75
80.0,23,3,0.1,5396,345.6666666666667,187,4.083883872104075,0.10569790064785442,0.0048883067077382,0.10080959394011624,0.00309486715230115,0.003107734806629834,0.5818195904769773,True,0.75
80.0,29,3,0.1,5396,350.0,174,2.528165234558447,0.08153392156424508,0.004502148197745788,0.0770317733664993,0.0038314176245210726,0.0034674063800277394,0.576851204274172,True,0.75
80.0,31,3,0.1,5396,343.3333333333333,158,2.7505214582377597,0.10429902413594119,0.012481477577883444,0.09181754655805777,0.006871609403254973,0.010660247592847318,0.5562896437491168,True,0.75
80.0,13,3,0.05,5396,349.0,176,2.7503895204829782,0.09647109347346529,0.006654025108749517,0.08981706836471577,0.005681818181818181,0.010692177827799663,0.39809198374828053,True,0.75
80.0,17,3,0.05,5396,348.0,174,3.2406414728715958,0.08882562577634917,0.0,0.08882562577634917,0.0,0.0013831258644536654,0.4183656099430592,True,0.75
80.0,23,3,0.05,5396,345.6666666666667,187,4.083883872104075,0.12153399896948647,0.0048883067077382,0.11664569226174826,0.00309486715230115,0.003107734806629834,0.5818195904769773,True,0.75
80.0,29,3,0.05,5396,350.0,174,2.528165234558447,0.09377598546728058,0.004502148197745788,0.08927383726953478,0.0038314176245210726,0.0034674063800277394,0.576851204274172,True,0.75
80.0,31,3,0.05,5396,343.3333333333333,158,2.7505214582377597,0.117967881375609,0.012481477577883444,0.10548640379772556,0.006871609403254973,0.010660247592847318,0.5562896437491168,True,0.75
80.0,13,4,0.1,5396,261.75,17,4.760279662346388,0.147281098501292,0.006616431746553193,0.14066466675473882,0.00423728813559322,0.010692177827799663,0.39809198374828053,True,0.75
80.0,17,4,0.1,5396,261.0,26,3.64888221475178,0.10766690836721013,0.0,0.10766690836721013,0.0,0.0013836042891732965,0.41771465132532437,True,0.75
80.0,23,4,0.1,5396,259.25,21,8.234744821816586,0.20979052600151232,0.004889915974540152,0.20490061002697219,0.0023211503642258623,0.003107734806629834,0.5800918364324452,True,0.75
80.0,29,4,0.1,5396,262.5,32,3.4567710917217567,0.11909468085672037,0.004502148197745788,0.11459253265897457,0.0028735632183908046,0.0034662045060658577,0.5762729341786155,True,0.75
80.0,31,4,0.1,5396,257.5,23,2.5298350052196255,0.12691849564390295,0.01249843269978183,0.1144200629441211,0.005166507871693662,0.010660247592847318,0.5562896437491168,True,0.75
80.0,13,4,0.05,5396,261.75,17,4.760279662346388,0.16535194721296229,0.006616431746553193,0.1587355154664091,0.00423728813559322,0.010692177827799663,0.39809198374828053,True,0.75
80.0,17,4,0.05,5396,261.0,26,3.64888221475178,0.12139822297185132,0.0,0.12139822297185132,0.0,0.0013836042891732965,0.41771465132532437,True,0.75
80.0,23,4,0.05,5396,259.25,21,8.234744821816586,0.23734937797376449,0.004889915974540152,0.23245946199922432,0.0023211503642258623,0.003107734806629834,0.5800918364324452,True,0.75
80.0,29,4,0.05,5396,262.5,32,3.4567710917217567,0.1364503849729647,0.004502148197745788,0.13194823677521889,0.0028735632183908046,0.0034662045060658577,0.5762729341786155,True,0.75
80.0,31,4,0.05,5396,257.5,23,2.5298350052196255,0.13979291937031307,0.01249843269978183,0.12729448667053125,0.005166507871693662,0.010660247592847318,0.5562896437491168,True,0.75
80.0,13,2,0.1,7195,694.5,367,2.4225133314747977,0.04256898019447176,0.00375652674777674,0.03881245344669502,0.0009784735812133072,0.004411265693926026,0.44541540388891493,True,1.0
80.0,17,2,0.1,7195,691.5,388,2.366433820996243,0.037560312469486046,0.0019327266301404121,0.035627585839345624,0.0005025125628140704,0.004076086956521739,0.45273880063446226,True,1.0
80.0,23,2,0.1,7195,685.0,364,2.3905944268174566,0.031679741609549644,0.0,0.031679741609549644,0.0,0.0031418312387791743,0.5510370778026369,True,1.0
80.0,29,2,0.1,7195,677.0,333,2.3840784519620457,0.03318275213868819,0.0,0.03318275213868819,0.0,0.0006740815638692282,0.43261923879498726,True,1.0
80.0,31,2,0.1,7195,692.0,347,2.519360346127532,0.040771746352167675,0.001887865910275184,0.03888388044189249,0.00048216007714561236,0.0034048348655090228,0.3471577755986713,True,1.0
80.0,13,2,0.05,7195,694.5,367,2.4225133314747977,0.049155244021228964,0.00375652674777674,0.045398717273452224,0.0009784735812133072,0.004411265693926026,0.44541540388891493,True,1.0
80.0,17,2,0.05,7195,691.5,388,2.366433820996243,0.04374037056238793,0.0019327266301404121,0.041807643932247514,0.0005025125628140704,0.004076086956521739,0.45273880063446226,True,1.0
80.0,23,2,0.05,7195,685.0,364,2.3905944268174566,0.03763242286429706,0.0,0.03763242286429706,0.0,0.0031418312387791743,0.5510370778026369,True,1.0
80.0,29,2,0.05,7195,677.0,333,2.3840784519620457,0.039417851814417745,0.0,0.039417851814417745,0.0,0.0006740815638692282,0.43261923879498726,True,1.0
80.0,31,2,0.05,7195,692.0,347,2.519360346127532,0.047575608638065855,0.001887865910275184,0.045687742727790664,0.00048216007714561236,0.0034048348655090228,0.3471577755986713,True,1.0
80.0,13,3,0.1,7195,463.0,204,2.4421206388523253,0.06696256120855228,0.005355766008205705,0.06160679520034658,0.0036725046005457195,0.0031031807602792862,0.5770819822139613,True,1.0
80.0,17,3,0.1,7195,461.0,211,2.998658895379222,0.06876420336860435,0.003987018526899981,0.06477718484170437,0.0020022545386104754,0.004966887417218543,0.4696393429871903,True,1.0
80.0,23,3,0.1,7195,456.6666666666667,200,2.662239377833807,0.05891737568066058,0.0016735135646870308,0.05724386211597355,0.00041050903119868636,0.0035998971457958345,0.5795799692496681,True,1.0
80.0,29,3,0.1,7195,451.3333333333333,214,2.051336599424486,0.05161003156748174,0.0010408142993303861,0.05056921726815136,0.0004110152075626798,0.0008333333333333334,0.4531297988542271,True,1.0
80.0,31,3,0.1,7195,461.3333333333333,208,2.680853845391828,0.1100181838869285,0.027577072560308724,0.08244111132661976,0.019339497768701308,0.02888446215139442,0.6821178335594945,True,1.0
80.0,13,3,0.05,7195,463.0,204,2.4421206388523253,0.0763356520031046,0.005355766008205705,0.0709798859948989,0.0036725046005457195,0.0031031807602792862,0.5770819822139613,True,1.0
80.0,17,3,0.05,7195,461.0,211,2.998658895379222,0.07872708387318295,0.003987018526899981,0.07474006534628297,0.0020022545386104754,0.004966887417218543,0.4696393429871903,True,1.0
80.0,23,3,0.05,7195,456.6666666666667,200,2.662239377833807,0.06818719914233097,0.0016735135646870308,0.06651368557764394,0.00041050903119868636,0.0035998971457958345,0.5795799692496681,True,1.0
80.0,29,3,0.05,7195,451.3333333333333,214,2.051336599424486,0.059909123553733304,0.0010408142993303861,0.05886830925440292,0.0004110152075626798,0.0008333333333333334,0.4531297988542271,True,1.0
80.0,31,3,0.05,7195,461.3333333333333,208,2.680853845391828,0.12140164916354759,0.027577072560308724,0.09382457660323888,0.019339497768701308,0.02888446215139442,0.6821178335594945,True,1.0
80.0,13,4,0.1,7195,347.25,33,2.2119663510400165,0.08309603101725622,0.005020617823667389,0.07807541319358884,0.002767036017947002,0.0031023784901758012,0.5763244839615206,True,1.0
80.0,17,4,0.1,7195,345.75,36,2.7275118207210536,0.08697389729432847,0.003491437868691635,0.08348245942563681,0.0015168394353077422,0.004966887417218543,0.4667347466311702,True,1.0
80.0,23,4,0.1,7195,342.5,35,2.8496265988671134,0.08203517991789663,0.0018472723813836918,0.08018790753651292,0.00032175032175032174,0.0035998971457958345,0.5796922760781884,True,1.0
80.0,29,4,0.1,7195,338.5,44,2.0902007706329413,0.06495153521895229,0.0010729918506588497,0.06387854336829345,0.0003259452411994785,0.0008329862557267805,0.4519188524467854,True,1.0
80.0,31,4,0.1,7195,346.0,29,2.3915277290581383,0.13187071173535575,0.027589265511221157,0.10428144622413457,0.014515532544378698,0.02889405513118565,0.6822013411235882,True,1.0
80.0,13,4,0.05,7195,347.25,33,2.2119663510400165,0.09450853303558751,0.005020617823667389,0.08948791521192012,0.002767036017947002,0.0031023784901758012,0.5763244839615206,True,1.0
80.0,17,4,0.05,7195,345.75,36,2.7275118207210536,0.09767100323134097,0.003491437868691635,0.09417956536264933,0.0015168394353077422,0.004966887417218543,0.4667347466311702,True,1.0
80.0,23,4,0.05,7195,342.5,35,2.8496265988671134,0.09427088100392904,0.0018472723813836918,0.09242360862254535,0.00032175032175032174,0.0035998971457958345,0.5796922760781884,True,1.0
80.0,29,4,0.05,7195,338.5,44,2.0902007706329413,0.0747953692433591,0.0010729918506588497,0.07372237739270024,0.0003259452411994785,0.0008329862557267805,0.4519188524467854,True,1.0
80.0,31,4,0.05,7195,346.0,29,2.3915277290581383,0.14245333457614728,0.027589265511221157,0.11486406906492608,0.014515532544378698,0.02889405513118565,0.6822013411235882,True,1.0
