mode,valid,budget_ms,seed,n_cells,n_eval,n_cal,n_sel,rho_mean,R_cert_bound,viol_certified,ndcg_certified,viol_static,ndcg_static,abstain_frac,deploy_signature,cert_upper_bounds_realized
as-released,False,80.0,13,3,1557,514,514,4.398508719210709,0.21636989452768932,0.0006422607578676942,0.5870932591402862,0.10854206807964033,0.6403948127943918,0.6763005780346821,external_qwen3_embedding_06b_pre|external_splade_cocondenser_ensembledistil_post|external_splade_cocondenser_ensembledistil_post,True
union,True,80.0,13,3,1557,514,514,4.398508719210709,0.25299997782202865,0.0006422607578676942,0.5870932591402862,0.10854206807964033,0.6403948127943918,0.6763005780346821,external_qwen3_embedding_06b_pre|external_splade_cocondenser_ensembledistil_post|external_splade_cocondenser_ensembledistil_post,True
selection,True,80.0,13,3,1557,514,514,4.398508719210709,0.21636989452768932,0.0006422607578676942,0.5870932591402862,0.10854206807964033,0.6403948127943918,0.6763005780346821,external_qwen3_embedding_06b_pre|external_splade_cocondenser_ensembledistil_post|external_splade_cocondenser_ensembledistil_post,True
as-released,False,80.0,17,3,1549,518,518,3.906317738738433,0.1944844019797868,0.0006455777921239509,0.5690523106036781,0.11620400258231117,0.6285701501094293,0.6868947708198838,external_splade_cocondenser_ensembledistil_post|external_splade_cocondenser_ensembledistil_post|dense_e5_base_v2_pre,True
union,True,80.0,17,3,1549,518,518,3.906317738738433,0.22740940690951691,0.0006455777921239509,0.5690523106036781,0.11620400258231117,0.6285701501094293,0.6868947708198838,external_splade_cocondenser_ensembledistil_post|external_splade_cocondenser_ensembledistil_post|dense_e5_base_v2_pre,True
selection,True,80.0,17,3,1549,518,518,3.906317738738433,0.1944844019797868,0.0006455777921239509,0.5690523106036781,0.11620400258231117,0.6285701501094293,0.6868947708198838,external_splade_cocondenser_ensembledistil_post|external_splade_cocondenser_ensembledistil_post|dense_e5_base_v2_pre,True
as-released,False,80.0,23,3,1585,500,500,4.379803969597018,0.23655041230680407,0.0006309148264984228,0.5826185769255348,0.11608832807570978,0.6368129297149656,0.6649842271293376,dense_e5_base_v2_post|external_splade_cocondenser_ensembledistil_post|external_qwen3_embedding_06b_pre,True
union,True,80.0,23,3,1585,500,500,4.379803969597018,0.2731812653578792,0.0006309148264984228,0.5826185769255348,0.11608832807570978,0.6368129297149656,0.6649842271293376,dense_e5_base_v2_post|external_splade_cocondenser_ensembledistil_post|external_qwen3_embedding_06b_pre,True
selection,True,80.0,23,3,1585,500,500,4.379803969597018,0.23655041230680407,0.0006309148264984228,0.5826185769255348,0.11608832807570978,0.6368129297149656,0.6649842271293376,dense_e5_base_v2_post|external_splade_cocondenser_ensembledistil_post|external_qwen3_embedding_06b_pre,True
as-released,False,80.0,29,3,1584,501,500,4.696749932764629,0.23492992385025668,0.0006313131313131314,0.594283745156224,0.10795454545454546,0.6409832478797257,0.67739898989899,external_splade_cocondenser_ensembledistil_post|external_splade_cocondenser_ensembledistil_post|external_qwen3_embedding_06b_pre,True
union,True,80.0,29,3,1584,501,500,4.696749932764629,0.2704470707847014,0.0006313131313131314,0.594283745156224,0.10795454545454546,0.6409832478797257,0.67739898989899,external_splade_cocondenser_ensembledistil_post|external_splade_cocondenser_ensembledistil_post|external_qwen3_embedding_06b_pre,True
selection,True,80.0,29,3,1584,501,500,4.696749932764629,0.23492992385025668,0.0006313131313131314,0.594283745156224,0.10795454545454546,0.6409832478797257,0.67739898989899,external_splade_cocondenser_ensembledistil_post|external_splade_cocondenser_ensembledistil_post|external_qwen3_embedding_06b_pre,True
as-released,False,80.0,31,3,1608,489,488,4.684854311226425,0.2535999075437403,0.0006218905472636816,0.5808124570254665,0.11069651741293532,0.633563978940921,0.6654228855721394,external_qwen3_embedding_06b_pre|external_splade_cocondenser_ensembledistil_post|external_splade_cocondenser_ensembledistil_post,True
union,True,80.0,31,3,1608,489,488,4.684854311226425,0.27663446217254284,0.0006218905472636816,0.5808124570254665,0.11069651741293532,0.633563978940921,0.6654228855721394,external_qwen3_embedding_06b_pre|external_splade_cocondenser_ensembledistil_post|external_splade_cocondenser_ensembledistil_post,True
selection,True,80.0,31,3,1608,489,488,4.684854311226425,0.2535999075437403,0.0006218905472636816,0.5808124570254665,0.11069651741293532,0.633563978940921,0.6654228855721394,external_qwen3_embedding_06b_pre|external_splade_cocondenser_ensembledistil_post|external_splade_cocondenser_ensembledistil_post,True
as-released,False,120.0,13,3,1557,514,514,4.398508719210709,0.21636989452768932,0.0,0.5870932591402862,0.047527296082209375,0.6403948127943918,0.6763005780346821,external_qwen3_embedding_06b_pre|external_splade_cocondenser_ensembledistil_post|external_splade_cocondenser_ensembledistil_post,True
union,True,120.0,13,3,1557,514,514,4.398508719210709,0.25299997782202865,0.0,0.5870932591402862,0.047527296082209375,0.6403948127943918,0.6763005780346821,external_qwen3_embedding_06b_pre|external_splade_cocondenser_ensembledistil_post|external_splade_cocondenser_ensembledistil_post,True
selection,True,120.0,13,3,1557,514,514,4.398508719210709,0.21636989452768932,0.0,0.5870932591402862,0.047527296082209375,0.6403948127943918,0.6763005780346821,external_qwen3_embedding_06b_pre|external_splade_cocondenser_ensembledistil_post|external_splade_cocondenser_ensembledistil_post,True
as-released,False,120.0,17,3,1549,518,518,3.906317738738433,0.1944844019797868,0.0,0.5690523106036781,0.04906391220142027,0.6285701501094293,0.6868947708198838,external_splade_cocondenser_ensembledistil_post|external_splade_cocondenser_ensembledistil_post|dense_e5_base_v2_pre,True
union,True,120.0,17,3,1549,518,518,3.906317738738433,0.22740940690951691,0.0,0.5690523106036781,0.04906391220142027,0.6285701501094293,0.6868947708198838,external_splade_cocondenser_ensembledistil_post|external_splade_cocondenser_ensembledistil_post|dense_e5_base_v2_pre,True
selection,True,120.0,17,3,1549,518,518,3.906317738738433,0.1944844019797868,0.0,0.5690523106036781,0.04906391220142027,0.6285701501094293,0.6868947708198838,external_splade_cocondenser_ensembledistil_post|external_splade_cocondenser_ensembledistil_post|dense_e5_base_v2_pre,True
as-released,False,120.0,23,3,1585,500,500,4.379803969597018,0.23655041230680407,0.0,0.5831658536088961,0.04794952681388013,0.6368129297149656,0.6649842271293376,rrf_dense_e5_base_v2_post|external_splade_cocondenser_ensembledistil_post|external_qwen3_embedding_06b_pre,True
union,True,120.0,23,3,1585,500,500,4.379803969597018,0.2731812653578792,0.0,0.5831658536088961,0.04794952681388013,0.6368129297149656,0.6649842271293376,rrf_dense_e5_base_v2_post|external_splade_cocondenser_ensembledistil_post|external_qwen3_embedding_06b_pre,True
selection,True,120.0,23,3,1585,500,500,4.379803969597018,0.23655041230680407,0.0,0.5831658536088961,0.04794952681388013,0.6368129297149656,0.6649842271293376,rrf_dense_e5_base_v2_post|external_splade_cocondenser_ensembledistil_post|external_qwen3_embedding_06b_pre,True
as-released,False,120.0,29,3,1584,501,500,4.696749932764629,0.23492992385025668,0.0,0.594283745156224,0.041035353535353536,0.6409832478797257,0.67739898989899,external_splade_cocondenser_ensembledistil_post|external_splade_cocondenser_ensembledistil_post|external_qwen3_embedding_06b_pre,True
union,True,120.0,29,3,1584,501,500,4.696749932764629,0.2704470707847014,0.0,0.594283745156224,0.041035353535353536,0.6409832478797257,0.67739898989899,external_splade_cocondenser_ensembledistil_post|external_splade_cocondenser_ensembledistil_post|external_qwen3_embedding_06b_pre,True
selection,True,120.0,29,3,1584,501,500,4.696749932764629,0.23492992385025668,0.0,0.594283745156224,0.041035353535353536,0.6409832478797257,0.67739898989899,external_splade_cocondenser_ensembledistil_post|external_splade_cocondenser_ensembledistil_post|external_qwen3_embedding_06b_pre,True
as-released,False,120.0,31,3,1608,489,488,4.684854311226425,0.2535999075437403,0.0236318407960199,0.5831149405735914,0.04788557213930348,0.633563978940921,0.6654228855721394,external_qwen3_embedding_06b_pre|external_splade_cocondenser_ensembledistil_post|external_qwen3_embedding_06b_pre,True
union,True,120.0,31,3,1608,489,488,4.684854311226425,0.27663446217254284,0.0236318407960199,0.5831149405735914,0.04788557213930348,0.633563978940921,0.6654228855721394,external_qwen3_embedding_06b_pre|external_splade_cocondenser_ensembledistil_post|external_qwen3_embedding_06b_pre,True
selection,True,120.0,31,3,1608,489,488,4.684854311226425,0.2535999075437403,0.0,0.5808124570254665,0.04788557213930348,0.633563978940921,0.7829601990049752,external_qwen3_embedding_06b_pre|external_splade_cocondenser_ensembledistil_post|external_splade_cocondenser_ensembledistil_post,True
as-released,False,160.0,13,3,1557,514,514,4.398508719210709,0.21636989452768932,0.0006422607578676942,0.5870932591402862,0.0019267822736030828,0.6403948127943918,0.6763005780346821,external_qwen3_embedding_06b_post|external_splade_cocondenser_ensembledistil_post|external_splade_cocondenser_ensembledistil_post,True
union,True,160.0,13,3,1557,514,514,4.398508719210709,0.25299997782202865,0.0006422607578676942,0.5870932591402862,0.0019267822736030828,0.6403948127943918,0.6763005780346821,external_qwen3_embedding_06b_post|external_splade_cocondenser_ensembledistil_post|external_splade_cocondenser_ensembledistil_post,True
selection,True,160.0,13,3,1557,514,514,4.398508719210709,0.21636989452768932,0.0006422607578676942,0.5870932591402862,0.0019267822736030828,0.6403948127943918,0.6763005780346821,external_qwen3_embedding_06b_post|external_splade_cocondenser_ensembledistil_post|external_splade_cocondenser_ensembledistil_post,True
as-released,False,160.0,17,3,1549,518,518,3.906317738738433,0.1944844019797868,0.0032278889606197547,0.6214697335987613,0.0032278889606197547,0.6285701501094293,0.0,external_qwen3_embedding_06b_pre|external_qwen3_embedding_06b_pre|dense_e5_base_v2_pre,True
union,True,160.0,17,3,1549,518,518,3.906317738738433,0.22740940690951691,0.0032278889606197547,0.6214697335987613,0.0032278889606197547,0.6285701501094293,0.0,external_qwen3_embedding_06b_pre|external_qwen3_embedding_06b_pre|dense_e5_base_v2_pre,True
selection,True,160.0,17,3,1549,518,518,3.906317738738433,0.1944844019797868,0.0012911555842479018,0.5711260730604478,0.0032278889606197547,0.6285701501094293,0.6868947708198838,external_qwen3_embedding_06b_pre|external_splade_cocondenser_ensembledistil_post|dense_e5_base_v2_pre,True
as-released,False,160.0,23,3,1585,500,500,4.379803969597018,0.23655041230680407,0.0037854889589905363,0.6368129297149656,0.0031545741324921135,0.6368129297149656,0.0,external_qwen3_embedding_06b_post|external_qwen3_embedding_06b_pre|external_qwen3_embedding_06b_pre,True
union,True,160.0,23,3,1585,500,500,4.379803969597018,0.2731812653578792,0.0037854889589905363,0.6368129297149656,0.0031545741324921135,0.6368129297149656,0.0,external_qwen3_embedding_06b_post|external_qwen3_embedding_06b_pre|external_qwen3_embedding_06b_pre,True
selection,True,160.0,23,3,1585,500,500,4.379803969597018,0.23655041230680407,0.0018927444794952682,0.5889098787650318,0.0031545741324921135,0.6368129297149656,0.6649842271293376,external_qwen3_embedding_06b_post|external_splade_cocondenser_ensembledistil_post|external_qwen3_embedding_06b_pre,True
as-released,False,160.0,29,3,1584,501,500,4.696749932764629,0.23492992385025668,0.003787878787878788,0.6409832478797257,0.0031565656565656565,0.6409832478797257,0.0,external_qwen3_embedding_06b_post|external_qwen3_embedding_06b_pre|external_qwen3_embedding_06b_pre,True
union,True,160.0,29,3,1584,501,500,4.696749932764629,0.2704470707847014,0.003787878787878788,0.6409832478797257,0.0031565656565656565,0.6409832478797257,0.0,external_qwen3_embedding_06b_post|external_qwen3_embedding_06b_pre|external_qwen3_embedding_06b_pre,True
selection,True,160.0,29,3,1584,501,500,4.696749932764629,0.23492992385025668,0.001893939393939394,0.5959391364293523,0.0031565656565656565,0.6409832478797257,0.67739898989899,external_qwen3_embedding_06b_post|external_splade_cocondenser_ensembledistil_post|external_qwen3_embedding_06b_pre,True
as-released,False,160.0,31,3,1608,489,488,4.684854311226425,0.2535999075437403,0.003109452736318408,0.633563978940921,0.003109452736318408,0.633563978940921,0.0,external_qwen3_embedding_06b_pre|external_qwen3_embedding_06b_pre|external_qwen3_embedding_06b_post,True
union,True,160.0,31,3,1608,489,488,4.684854311226425,0.27663446217254284,0.003109452736318408,0.633563978940921,0.003109452736318408,0.633563978940921,0.0,external_qwen3_embedding_06b_pre|external_qwen3_embedding_06b_pre|external_qwen3_embedding_06b_post,True
selection,True,160.0,31,3,1608,489,488,4.684854311226425,0.2535999075437403,0.0012437810945273632,0.5831149405735914,0.003109452736318408,0.633563978940921,0.6654228855721394,external_qwen3_embedding_06b_pre|external_splade_cocondenser_ensembledistil_post|external_qwen3_embedding_06b_post,True
as-released,False,80.0,13,4,1557,514,514,3.330132316706946,0.24465910588878514,0.0019267822736030828,0.6071864045465457,0.10854206807964033,0.6403948127943918,0.0,external_qwen3_embedding_06b_pre|external_splade_cocondenser_ensembledistil_post|external_splade_cocondenser_ensembledistil_post|rerank_depth_100,True
union,True,80.0,13,4,1557,514,514,3.330132316706946,0.26967387809493143,0.0019267822736030828,0.6071864045465457,0.10854206807964033,0.6403948127943918,0.0,external_qwen3_embedding_06b_pre|external_splade_cocondenser_ensembledistil_post|external_splade_cocondenser_ensembledistil_post|rerank_depth_100,True
selection,True,80.0,13,4,1557,514,514,3.330132316706946,0.24465910588878514,0.0019267822736030828,0.6071864045465457,0.10854206807964033,0.6403948127943918,0.0,external_qwen3_embedding_06b_pre|external_splade_cocondenser_ensembledistil_post|external_splade_cocondenser_ensembledistil_post|rerank_depth_100,True
as-released,False,80.0,17,4,1549,518,518,2.740421813412085,0.2612385134651651,0.0006455777921239509,0.5974821235838162,0.11620400258231117,0.6285701501094293,0.0,external_splade_cocondenser_ensembledistil_post|external_splade_cocondenser_ensembledistil_post|rrf_dense_e5_base_v2_pre|external_qwen3_embedding_06b_pre,True
union,True,80.0,17,4,1549,518,518,2.740421813412085,0.2944079169860952,0.0006455777921239509,0.5974821235838162,0.11620400258231117,0.6285701501094293,0.0,external_splade_cocondenser_ensembledistil_post|external_splade_cocondenser_ensembledistil_post|rrf_dense_e5_base_v2_pre|external_qwen3_embedding_06b_pre,True
selection,True,80.0,17,4,1549,518,518,2.740421813412085,0.2612385134651651,0.0006455777921239509,0.5762755316937521,0.11620400258231117,0.6285701501094293,0.2963202065848935,external_splade_cocondenser_ensembledistil_post|external_splade_cocondenser_ensembledistil_post|rrf_dense_e5_base_v2_pre|external_splade_cocondenser_ensembledistil_post,True
as-released,False,80.0,23,4,1585,500,500,3.006778661492539,0.26682598222154597,0.0012618296529968455,0.608395000251441,0.11608832807570978,0.6368129297149656,0.0,external_splade_cocondenser_ensembledistil_post|external_splade_cocondenser_ensembledistil_post|rerank_depth_100|external_qwen3_embedding_06b_pre,True
union,True,80.0,23,4,1585,500,500,3.006778661492539,0.28118880702208715,0.0012618296529968455,0.608395000251441,0.11608832807570978,0.6368129297149656,0.0,external_splade_cocondenser_ensembledistil_post|external_splade_cocondenser_ensembledistil_post|rerank_depth_100|external_qwen3_embedding_06b_pre,True
selection,True,80.0,23,4,1585,500,500,3.006778661492539,0.26682598222154597,0.0006309148264984228,0.5896008320135762,0.11608832807570978,0.6368129297149656,0.3085173501577287,external_splade_cocondenser_ensembledistil_post|external_splade_cocondenser_ensembledistil_post|rerank_depth_100|external_splade_cocondenser_ensembledistil_post,True
as-released,False,80.0,29,4,1584,501,500,2.858473358884451,0.26651288712467214,0.001893939393939394,0.6081470515975594,0.10795454545454546,0.6409832478797257,0.0,external_qwen3_embedding_06b_pre|external_splade_cocondenser_ensembledistil_post|external_splade_cocondenser_ensembledistil_post|external_splade_cocondenser_ensembledistil_post,True
union,True,80.0,29,4,1584,501,500,2.858473358884451,0.2960817090266817,0.001893939393939394,0.6081470515975594,0.10795454545454546,0.6409832478797257,0.0,external_qwen3_embedding_06b_pre|external_splade_cocondenser_ensembledistil_post|external_splade_cocondenser_ensembledistil_post|external_splade_cocondenser_ensembledistil_post,True
selection,True,80.0,29,4,1584,501,500,2.858473358884451,0.26651288712467214,0.001893939393939394,0.6081470515975594,0.10795454545454546,0.6409832478797257,0.0,external_qwen3_embedding_06b_pre|external_splade_cocondenser_ensembledistil_post|external_splade_cocondenser_ensembledistil_post|external_splade_cocondenser_ensembledistil_post,True
as-released,False,80.0,31,4,1608,489,488,3.1133329600928032,0.27519216331756535,0.0012437810945273632,0.5987543579416194,0.11069651741293532,0.633563978940921,0.0,external_splade_cocondenser_ensembledistil_post|external_qwen3_embedding_06b_pre|external_qwen3_embedding_06b_post|external_splade_cocondenser_ensembledistil_post,True
union,True,80.0,31,4,1608,489,488,3.1133329600928032,0.2916700892377128,0.0012437810945273632,0.5987543579416194,0.11069651741293532,0.633563978940921,0.0,external_splade_cocondenser_ensembledistil_post|external_qwen3_embedding_06b_pre|external_qwen3_embedding_06b_post|external_splade_cocondenser_ensembledistil_post,True
selection,True,80.0,31,4,1608,489,488,3.1133329600928032,0.27519216331756535,0.0006218905472636816,0.5805549239112083,0.11069651741293532,0.633563978940921,0.3246268656716418,external_splade_cocondenser_ensembledistil_post|external_splade_cocondenser_ensembledistil_post|external_qwen3_embedding_06b_post|external_splade_cocondenser_ensembledistil_post,True
as-released,False,120.0,13,4,1557,514,514,3.330132316706946,0.24465910588878514,0.0,0.6071864045465457,0.047527296082209375,0.6403948127943918,0.5202312138728323,external_qwen3_embedding_06b_pre|external_splade_cocondenser_ensembledistil_post|external_splade_cocondenser_ensembledistil_post|rerank_depth_100,True
union,True,120.0,13,4,1557,514,514,3.330132316706946,0.26967387809493143,0.0,0.6071864045465457,0.047527296082209375,0.6403948127943918,0.5202312138728323,external_qwen3_embedding_06b_pre|external_splade_cocondenser_ensembledistil_post|external_splade_cocondenser_ensembledistil_post|rerank_depth_100,True
selection,True,120.0,13,4,1557,514,514,3.330132316706946,0.24465910588878514,0.0,0.6071864045465457,0.047527296082209375,0.6403948127943918,0.5202312138728323,external_qwen3_embedding_06b_pre|external_splade_cocondenser_ensembledistil_post|external_splade_cocondenser_ensembledistil_post|rerank_depth_100,True
as-released,False,120.0,17,4,1549,518,518,2.740421813412085,0.2612385134651651,0.0,0.5974821235838162,0.04906391220142027,0.6285701501094293,0.5435765009683667,external_splade_cocondenser_ensembledistil_post|external_splade_cocondenser_ensembledistil_post|rrf_dense_e5_base_v2_pre|external_qwen3_embedding_06b_pre,True
union,True,120.0,17,4,1549,518,518,2.740421813412085,0.2944079169860952,0.0,0.5974821235838162,0.04906391220142027,0.6285701501094293,0.5435765009683667,external_splade_cocondenser_ensembledistil_post|external_splade_cocondenser_ensembledistil_post|rrf_dense_e5_base_v2_pre|external_qwen3_embedding_06b_pre,True
selection,True,120.0,17,4,1549,518,518,2.740421813412085,0.2612385134651651,0.0,0.5974821235838162,0.04906391220142027,0.6285701501094293,0.5435765009683667,external_splade_cocondenser_ensembledistil_post|external_splade_cocondenser_ensembledistil_post|rrf_dense_e5_base_v2_pre|external_qwen3_embedding_06b_pre,True
as-released,False,120.0,23,4,1585,500,500,3.006778661492539,0.26682598222154597,0.0,0.6051081661576163,0.04794952681388013,0.6368129297149656,0.5154574132492113,external_splade_cocondenser_ensembledistil_post|rrf_dense_e5_base_v2_post|rerank_depth_100|external_qwen3_embedding_06b_pre,True
union,True,120.0,23,4,1585,500,500,3.006778661492539,0.28118880702208715,0.0,0.6051081661576163,0.04794952681388013,0.6368129297149656,0.5154574132492113,external_splade_cocondenser_ensembledistil_post|rrf_dense_e5_base_v2_post|rerank_depth_100|external_qwen3_embedding_06b_pre,True
selection,True,120.0,23,4,1585,500,500,3.006778661492539,0.26682598222154597,0.0,0.6051081661576163,0.04794952681388013,0.6368129297149656,0.5154574132492113,external_splade_cocondenser_ensembledistil_post|rrf_dense_e5_base_v2_post|rerank_depth_100|external_qwen3_embedding_06b_pre,True
as-released,False,120.0,29,4,1584,501,500,2.858473358884451,0.26651288712467214,0.0,0.6081470515975594,0.041035353535353536,0.6409832478797257,0.5284090909090909,external_qwen3_embedding_06b_pre|external_splade_cocondenser_ensembledistil_post|external_splade_cocondenser_ensembledistil_post|external_splade_cocondenser_ensembledistil_post,True
union,True,120.0,29,4,1584,501,500,2.858473358884451,0.2960817090266817,0.0,0.6081470515975594,0.041035353535353536,0.6409832478797257,0.5284090909090909,external_qwen3_embedding_06b_pre|external_splade_cocondenser_ensembledistil_post|external_splade_cocondenser_ensembledistil_post|external_splade_cocondenser_ensembledistil_post,True
selection,True,120.0,29,4,1584,501,500,2.858473358884451,0.26651288712467214,0.0,0.6081470515975594,0.041035353535353536,0.6409832478797257,0.5284090909090909,external_qwen3_embedding_06b_pre|external_splade_cocondenser_ensembledistil_post|external_splade_cocondenser_ensembledistil_post|external_splade_cocondenser_ensembledistil_post,True
as-released,False,120.0,31,4,1608,489,488,3.1133329600928032,0.27519216331756535,0.021766169154228857,0.6007192750725524,0.04788557213930348,0.633563978940921,0.0,external_splade_cocondenser_ensembledistil_post|external_qwen3_embedding_06b_pre|external_qwen3_embedding_06b_post|external_qwen3_embedding_06b_pre,True
union,True,120.0,31,4,1608,489,488,3.1133329600928032,0.2916700892377128,0.021766169154228857,0.6007192750725524,0.04788557213930348,0.633563978940921,0.0,external_splade_cocondenser_ensembledistil_post|external_qwen3_embedding_06b_pre|external_qwen3_embedding_06b_post|external_qwen3_embedding_06b_pre,True
selection,True,120.0,31,4,1608,489,488,3.1133329600928032,0.27519216331756535,0.0,0.5987543579416194,0.04788557213930348,0.633563978940921,0.10385572139303482,external_splade_cocondenser_ensembledistil_post|external_qwen3_embedding_06b_pre|external_qwen3_embedding_06b_post|external_splade_cocondenser_ensembledistil_post,True
as-released,False,160.0,13,4,1557,514,514,3.330132316706946,0.24465910588878514,0.0019267822736030828,0.6071864045465457,0.0019267822736030828,0.6403948127943918,0.5202312138728323,external_qwen3_embedding_06b_post|external_splade_cocondenser_ensembledistil_post|external_splade_cocondenser_ensembledistil_post|rerank_depth_100,True
union,True,160.0,13,4,1557,514,514,3.330132316706946,0.26967387809493143,0.0019267822736030828,0.6071864045465457,0.0019267822736030828,0.6403948127943918,0.5202312138728323,external_qwen3_embedding_06b_post|external_splade_cocondenser_ensembledistil_post|external_splade_cocondenser_ensembledistil_post|rerank_depth_100,True
selection,True,160.0,13,4,1557,514,514,3.330132316706946,0.24465910588878514,0.0019267822736030828,0.6071864045465457,0.0019267822736030828,0.6403948127943918,0.5202312138728323,external_qwen3_embedding_06b_post|external_splade_cocondenser_ensembledistil_post|external_splade_cocondenser_ensembledistil_post|rerank_depth_100,True
as-released,False,160.0,17,4,1549,518,518,2.740421813412085,0.2612385134651651,0.0032278889606197547,0.6318188851083796,0.0032278889606197547,0.6285701501094293,0.0,external_qwen3_embedding_06b_pre|external_qwen3_embedding_06b_pre|rrf_dense_e5_base_v2_pre|external_qwen3_embedding_06b_pre,True
union,True,160.0,17,4,1549,518,518,2.740421813412085,0.2944079169860952,0.0032278889606197547,0.6318188851083796,0.0032278889606197547,0.6285701501094293,0.0,external_qwen3_embedding_06b_pre|external_qwen3_embedding_06b_pre|rrf_dense_e5_base_v2_pre|external_qwen3_embedding_06b_pre,True
selection,True,160.0,17,4,1549,518,518,2.740421813412085,0.2612385134651651,0.0012911555842479018,0.5995558860405861,0.0032278889606197547,0.6285701501094293,0.5435765009683667,external_qwen3_embedding_06b_pre|external_splade_cocondenser_ensembledistil_post|rrf_dense_e5_base_v2_pre|external_qwen3_embedding_06b_pre,True
as-released,False,160.0,23,4,1585,500,500,3.006778661492539,0.26682598222154597,0.0037854889589905363,0.6407542960701366,0.0031545741324921135,0.6368129297149656,0.0,external_qwen3_embedding_06b_pre|external_qwen3_embedding_06b_post|rerank_depth_100|external_qwen3_embedding_06b_pre,True
union,True,160.0,23,4,1585,500,500,3.006778661492539,0.28118880702208715,0.0037854889589905363,0.6407542960701366,0.0031545741324921135,0.6368129297149656,0.0,external_qwen3_embedding_06b_pre|external_qwen3_embedding_06b_post|rerank_depth_100|external_qwen3_embedding_06b_pre,True
selection,True,160.0,23,4,1585,500,500,3.006778661492539,0.26682598222154597,0.0018927444794952682,0.6102354707954486,0.0031545741324921135,0.6368129297149656,0.5154574132492113,external_splade_cocondenser_ensembledistil_post|external_qwen3_embedding_06b_post|rerank_depth_100|external_qwen3_embedding_06b_pre,True
as-released,False,160.0,29,4,1584,501,500,2.858473358884451,0.26651288712467214,0.003787878787878788,0.6412012288012651,0.0031565656565656565,0.6409832478797257,0.0,external_qwen3_embedding_06b_pre|external_qwen3_embedding_06b_pre|external_splade_cocondenser_ensembledistil_post|external_qwen3_embedding_06b_post,True
union,True,160.0,29,4,1584,501,500,2.858473358884451,0.2960817090266817,0.003787878787878788,0.6412012288012651,0.0031565656565656565,0.6409832478797257,0.0,external_qwen3_embedding_06b_pre|external_qwen3_embedding_06b_pre|external_splade_cocondenser_ensembledistil_post|external_qwen3_embedding_06b_post,True
selection,True,160.0,29,4,1584,501,500,2.858473358884451,0.26651288712467214,0.001893939393939394,0.6094560736360414,0.0031565656565656565,0.6409832478797257,0.5284090909090909,external_qwen3_embedding_06b_pre|external_splade_cocondenser_ensembledistil_post|external_splade_cocondenser_ensembledistil_post|external_qwen3_embedding_06b_post,True
as-released,False,160.0,31,4,1608,489,488,3.1133329600928032,0.27519216331756535,0.003109452736318408,0.633563978940921,0.003109452736318408,0.633563978940921,0.0,external_qwen3_embedding_06b_pre|external_qwen3_embedding_06b_pre|external_qwen3_embedding_06b_post|external_qwen3_embedding_06b_post,True
union,True,160.0,31,4,1608,489,488,3.1133329600928032,0.2916700892377128,0.003109452736318408,0.633563978940921,0.003109452736318408,0.633563978940921,0.0,external_qwen3_embedding_06b_pre|external_qwen3_embedding_06b_pre|external_qwen3_embedding_06b_post|external_qwen3_embedding_06b_post,True
selection,True,160.0,31,4,1608,489,488,3.1133329600928032,0.27519216331756535,0.0012437810945273632,0.6007192750725524,0.003109452736318408,0.633563978940921,0.5043532338308457,external_splade_cocondenser_ensembledistil_post|external_qwen3_embedding_06b_pre|external_qwen3_embedding_06b_post|external_qwen3_embedding_06b_post,True
as-released,False,80.0,13,6,1557,514,514,4.146768467039444,0.34684417781532356,0.0019267822736030828,0.6027967278454527,0.10854206807964033,0.6403948127943918,0.0,external_splade_cocondenser_ensembledistil_post|external_splade_cocondenser_ensembledistil_post|external_qwen3_embedding_06b_pre|external_qwen3_embedding_06b_post|external_qwen3_embedding_06b_pre|external_splade_cocondenser_ensembledistil_post,True
union,True,80.0,13,6,1557,514,514,4.146768467039444,0.36851386015329246,0.0019267822736030828,0.6027967278454527,0.10854206807964033,0.6403948127943918,0.0,external_splade_cocondenser_ensembledistil_post|external_splade_cocondenser_ensembledistil_post|external_qwen3_embedding_06b_pre|external_qwen3_embedding_06b_post|external_qwen3_embedding_06b_pre|external_splade_cocondenser_ensembledistil_post,True
selection,True,80.0,13,6,1557,514,514,4.146768467039444,0.34684417781532356,0.0019267822736030828,0.6027967278454527,0.10854206807964033,0.6403948127943918,0.0,external_splade_cocondenser_ensembledistil_post|external_splade_cocondenser_ensembledistil_post|external_qwen3_embedding_06b_pre|external_qwen3_embedding_06b_post|external_qwen3_embedding_06b_pre|external_splade_cocondenser_ensembledistil_post,True
as-released,False,80.0,17,6,1549,518,518,3.3340843393547925,0.4838477159069438,0.0006455777921239509,0.5829349104172292,0.11620400258231117,0.6285701501094293,0.2685603615235636,external_splade_cocondenser_ensembledistil_post|external_splade_cocondenser_ensembledistil_post|external_splade_cocondenser_ensembledistil_post|rrf_dense_e5_base_v2_pre|external_splade_cocondenser_ensembledistil_post|external_qwen3_embedding_06b_pre,True
union,True,80.0,17,6,1549,518,518,3.3340843393547925,0.5319261129946943,0.0006455777921239509,0.5829349104172292,0.11620400258231117,0.6285701501094293,0.2685603615235636,external_splade_cocondenser_ensembledistil_post|external_splade_cocondenser_ensembledistil_post|external_splade_cocondenser_ensembledistil_post|rrf_dense_e5_base_v2_pre|external_splade_cocondenser_ensembledistil_post|external_qwen3_embedding_06b_pre,True
selection,True,80.0,17,6,1549,518,518,3.3340843393547925,0.4838477159069438,0.0006455777921239509,0.5762195421077586,0.11620400258231117,0.6285701501094293,0.4596513879922531,external_splade_cocondenser_ensembledistil_post|external_splade_cocondenser_ensembledistil_post|external_splade_cocondenser_ensembledistil_post|rrf_dense_e5_base_v2_pre|external_splade_cocondenser_ensembledistil_post|external_splade_cocondenser_ensembledistil_post,True
as-released,False,80.0,23,6,1585,500,500,3.6368250652430647,0.40112167239663077,0.0012618296529968455,0.5971466286986357,0.11608832807570978,0.6368129297149656,0.24858044164037854,external_splade_cocondenser_ensembledistil_post|external_splade_cocondenser_ensembledistil_post|external_qwen3_embedding_06b_pre|rrf_dense_e5_base_v2_pre|external_splade_cocondenser_ensembledistil_post|external_splade_cocondenser_ensembledistil_post,True
union,True,80.0,23,6,1585,500,500,3.6368250652430647,0.4306973901094615,0.0012618296529968455,0.5971466286986357,0.11608832807570978,0.6368129297149656,0.24858044164037854,external_splade_cocondenser_ensembledistil_post|external_splade_cocondenser_ensembledistil_post|external_qwen3_embedding_06b_pre|rrf_dense_e5_base_v2_pre|external_splade_cocondenser_ensembledistil_post|external_splade_cocondenser_ensembledistil_post,True
selection,True,80.0,23,6,1585,500,500,3.6368250652430647,0.40112167239663077,0.0006309148264984228,0.5899503451851495,0.11608832807570978,0.6368129297149656,0.45930599369085173,external_splade_cocondenser_ensembledistil_post|external_splade_cocondenser_ensembledistil_post|external_splade_cocondenser_ensembledistil_post|rrf_dense_e5_base_v2_pre|external_splade_cocondenser_ensembledistil_post|external_splade_cocondenser_ensembledistil_post,True
as-released,False,80.0,29,6,1584,501,500,3.601642042161862,0.3516027744899937,0.001893939393939394,0.605950426157415,0.10795454545454546,0.6409832478797257,0.0,external_splade_cocondenser_ensembledistil_post|external_qwen3_embedding_06b_pre|external_splade_cocondenser_ensembledistil_post|external_splade_cocondenser_ensembledistil_post|external_qwen3_embedding_06b_pre|external_splade_cocondenser_ensembledistil_post,True
union,True,80.0,29,6,1584,501,500,3.601642042161862,0.37700731918702335,0.001893939393939394,0.605950426157415,0.10795454545454546,0.6409832478797257,0.0,external_splade_cocondenser_ensembledistil_post|external_qwen3_embedding_06b_pre|external_splade_cocondenser_ensembledistil_post|external_splade_cocondenser_ensembledistil_post|external_qwen3_embedding_06b_pre|external_splade_cocondenser_ensembledistil_post,True
selection,True,80.0,29,6,1584,501,500,3.601642042161862,0.3516027744899937,0.001893939393939394,0.605950426157415,0.10795454545454546,0.6409832478797257,0.0,external_splade_cocondenser_ensembledistil_post|external_qwen3_embedding_06b_pre|external_splade_cocondenser_ensembledistil_post|external_splade_cocondenser_ensembledistil_post|external_qwen3_embedding_06b_pre|external_splade_cocondenser_ensembledistil_post,True
as-released,False,80.0,31,6,1608,489,488,3.6911935703114587,0.4051126162387679,0.0012437810945273632,0.5854389359019384,0.11069651741293532,0.633563978940921,0.2537313432835821,external_qwen3_embedding_06b_pre|external_splade_cocondenser_ensembledistil_post|external_splade_cocondenser_ensembledistil_post|external_splade_cocondenser_ensembledistil_post|external_qwen3_embedding_06b_post|external_splade_cocondenser_ensembledistil_post,True
union,True,80.0,31,6,1608,489,488,3.6911935703114587,0.43648415418605196,0.0012437810945273632,0.5854389359019384,0.11069651741293532,0.633563978940921,0.2537313432835821,external_qwen3_embedding_06b_pre|external_splade_cocondenser_ensembledistil_post|external_splade_cocondenser_ensembledistil_post|external_splade_cocondenser_ensembledistil_post|external_qwen3_embedding_06b_post|external_splade_cocondenser_ensembledistil_post,True
selection,True,80.0,31,6,1608,489,488,3.6911935703114587,0.4051126162387679,0.0006218905472636816,0.5806301131854095,0.11069651741293532,0.633563978940921,0.4651741293532338,external_splade_cocondenser_ensembledistil_post|external_splade_cocondenser_ensembledistil_post|external_splade_cocondenser_ensembledistil_post|external_splade_cocondenser_ensembledistil_post|external_qwen3_embedding_06b_post|external_splade_cocondenser_ensembledistil_post,True
as-released,False,120.0,13,6,1557,514,514,4.146768467039444,0.34684417781532356,0.005138086062941554,0.6040926579403025,0.047527296082209375,0.6403948127943918,0.47591522157996147,external_splade_cocondenser_ensembledistil_post|external_splade_cocondenser_ensembledistil_post|external_qwen3_embedding_06b_pre|external_qwen3_embedding_06b_post|external_qwen3_embedding_06b_pre|external_qwen3_embedding_06b_pre,True
union,True,120.0,13,6,1557,514,514,4.146768467039444,0.36851386015329246,0.005138086062941554,0.6040926579403025,0.047527296082209375,0.6403948127943918,0.47591522157996147,external_splade_cocondenser_ensembledistil_post|external_splade_cocondenser_ensembledistil_post|external_qwen3_embedding_06b_pre|external_qwen3_embedding_06b_post|external_qwen3_embedding_06b_pre|external_qwen3_embedding_06b_pre,True
selection,True,120.0,13,6,1557,514,514,4.146768467039444,0.34684417781532356,0.005138086062941554,0.6040926579403025,0.047527296082209375,0.6403948127943918,0.47591522157996147,external_splade_cocondenser_ensembledistil_post|external_splade_cocondenser_ensembledistil_post|external_qwen3_embedding_06b_pre|external_qwen3_embedding_06b_post|external_qwen3_embedding_06b_pre|external_qwen3_embedding_06b_pre,True
as-released,False,120.0,17,6,1549,518,518,3.3340843393547925,0.4838477159069438,0.003873466752743706,0.5869640733652582,0.04906391220142027,0.6285701501094293,0.618463524854745,external_qwen3_embedding_06b_pre|external_splade_cocondenser_ensembledistil_post|external_splade_cocondenser_ensembledistil_post|rrf_dense_e5_base_v2_pre|external_splade_cocondenser_ensembledistil_post|external_qwen3_embedding_06b_pre,True
union,True,120.0,17,6,1549,518,518,3.3340843393547925,0.5319261129946943,0.003873466752743706,0.5869640733652582,0.04906391220142027,0.6285701501094293,0.618463524854745,external_qwen3_embedding_06b_pre|external_splade_cocondenser_ensembledistil_post|external_splade_cocondenser_ensembledistil_post|rrf_dense_e5_base_v2_pre|external_splade_cocondenser_ensembledistil_post|external_qwen3_embedding_06b_pre,True
selection,True,120.0,17,6,1549,518,518,3.3340843393547925,0.5336228195418042,0.012911555842479019,0.6195290763727918,0.04906391220142027,0.6285701501094293,0.34990316333118143,external_qwen3_embedding_06b_pre|external_splade_cocondenser_ensembledistil_post|external_splade_cocondenser_ensembledistil_post|rrf_dense_e5_base_v2_pre|external_qwen3_embedding_06b_pre|external_qwen3_embedding_06b_pre,True
as-released,False,120.0,23,6,1585,500,500,3.6368250652430647,0.40112167239663077,0.002523659305993691,0.5980421896486517,0.04794952681388013,0.6368129297149656,0.592429022082019,external_splade_cocondenser_ensembledistil_post|external_splade_cocondenser_ensembledistil_post|external_qwen3_embedding_06b_pre|rrf_dense_e5_base_v2_pre|external_splade_cocondenser_ensembledistil_post|external_qwen3_embedding_06b_pre,True
union,True,120.0,23,6,1585,500,500,3.6368250652430647,0.4306973901094615,0.002523659305993691,0.5980421896486517,0.04794952681388013,0.6368129297149656,0.592429022082019,external_splade_cocondenser_ensembledistil_post|external_splade_cocondenser_ensembledistil_post|external_qwen3_embedding_06b_pre|rrf_dense_e5_base_v2_pre|external_splade_cocondenser_ensembledistil_post|external_qwen3_embedding_06b_pre,True
selection,True,120.0,23,6,1585,500,500,3.6368250652430647,0.40112167239663077,0.002523659305993691,0.5980421896486517,0.04794952681388013,0.6368129297149656,0.592429022082019,external_splade_cocondenser_ensembledistil_post|external_splade_cocondenser_ensembledistil_post|external_qwen3_embedding_06b_pre|rrf_dense_e5_base_v2_pre|external_splade_cocondenser_ensembledistil_post|external_qwen3_embedding_06b_pre,True
as-released,False,120.0,29,6,1584,501,500,3.601642042161862,0.3516027744899937,0.0031565656565656565,0.6064892113548436,0.041035353535353536,0.6409832478797257,0.5,external_splade_cocondenser_ensembledistil_post|external_qwen3_embedding_06b_pre|external_splade_cocondenser_ensembledistil_post|external_splade_cocondenser_ensembledistil_post|external_qwen3_embedding_06b_pre|external_qwen3_embedding_06b_pre,True
union,True,120.0,29,6,1584,501,500,3.601642042161862,0.37700731918702335,0.0031565656565656565,0.6064892113548436,0.041035353535353536,0.6409832478797257,0.5,external_splade_cocondenser_ensembledistil_post|external_qwen3_embedding_06b_pre|external_splade_cocondenser_ensembledistil_post|external_splade_cocondenser_ensembledistil_post|external_qwen3_embedding_06b_pre|external_qwen3_embedding_06b_pre,True
selection,True,120.0,29,6,1584,501,500,3.601642042161862,0.3516027744899937,0.0031565656565656565,0.6064892113548436,0.041035353535353536,0.6409832478797257,0.5,external_splade_cocondenser_ensembledistil_post|external_qwen3_embedding_06b_pre|external_splade_cocondenser_ensembledistil_post|external_splade_cocondenser_ensembledistil_post|external_qwen3_embedding_06b_pre|external_qwen3_embedding_06b_pre,True
as-released,False,120.0,31,6,1608,489,488,3.6911935703114587,0.4051126162387679,0.01927860696517413,0.5870166457035619,0.04788557213930348,0.633563978940921,0.2537313432835821,external_qwen3_embedding_06b_pre|external_splade_cocondenser_ensembledistil_post|external_splade_cocondenser_ensembledistil_post|external_splade_cocondenser_ensembledistil_post|external_qwen3_embedding_06b_post|external_qwen3_embedding_06b_pre,True
union,True,120.0,31,6,1608,489,488,3.6911935703114587,0.43648415418605196,0.01927860696517413,0.5870166457035619,0.04788557213930348,0.633563978940921,0.2537313432835821,external_qwen3_embedding_06b_pre|external_splade_cocondenser_ensembledistil_post|external_splade_cocondenser_ensembledistil_post|external_splade_cocondenser_ensembledistil_post|external_qwen3_embedding_06b_post|external_qwen3_embedding_06b_pre,True
selection,True,120.0,31,6,1608,489,488,3.6911935703114587,0.4051126162387679,0.01927860696517413,0.5870166457035619,0.04788557213930348,0.633563978940921,0.2537313432835821,external_qwen3_embedding_06b_pre|external_splade_cocondenser_ensembledistil_post|external_splade_cocondenser_ensembledistil_post|external_splade_cocondenser_ensembledistil_post|external_qwen3_embedding_06b_post|external_qwen3_embedding_06b_pre,True
as-released,False,160.0,13,6,1557,514,514,4.146768467039444,0.34684417781532356,0.002569043031470777,0.6040926579403025,0.0019267822736030828,0.6403948127943918,0.47591522157996147,external_splade_cocondenser_ensembledistil_post|external_splade_cocondenser_ensembledistil_post|external_qwen3_embedding_06b_post|external_qwen3_embedding_06b_post|external_qwen3_embedding_06b_post|external_qwen3_embedding_06b_post,True
union,True,160.0,13,6,1557,514,514,4.146768467039444,0.36851386015329246,0.002569043031470777,0.6040926579403025,0.0019267822736030828,0.6403948127943918,0.47591522157996147,external_splade_cocondenser_ensembledistil_post|external_splade_cocondenser_ensembledistil_post|external_qwen3_embedding_06b_post|external_qwen3_embedding_06b_post|external_qwen3_embedding_06b_post|external_qwen3_embedding_06b_post,True
selection,True,160.0,13,6,1557,514,514,4.146768467039444,0.34684417781532356,0.002569043031470777,0.6040926579403025,0.0019267822736030828,0.6403948127943918,0.47591522157996147,external_splade_cocondenser_ensembledistil_post|external_splade_cocondenser_ensembledistil_post|external_qwen3_embedding_06b_post|external_qwen3_embedding_06b_post|external_qwen3_embedding_06b_post|external_qwen3_embedding_06b_post,True
as-released,False,160.0,17,6,1549,518,518,3.3340843393547925,0.4838477159069438,0.0032278889606197547,0.6312021114470455,0.0032278889606197547,0.6285701501094293,0.0,external_qwen3_embedding_06b_post|external_qwen3_embedding_06b_pre|external_qwen3_embedding_06b_pre|rrf_dense_e5_base_v2_pre|external_qwen3_embedding_06b_pre|external_qwen3_embedding_06b_pre,True
union,True,160.0,17,6,1549,518,518,3.3340843393547925,0.5319261129946943,0.0032278889606197547,0.6312021114470455,0.0032278889606197547,0.6285701501094293,0.0,external_qwen3_embedding_06b_post|external_qwen3_embedding_06b_pre|external_qwen3_embedding_06b_pre|rrf_dense_e5_base_v2_pre|external_qwen3_embedding_06b_pre|external_qwen3_embedding_06b_pre,True
selection,True,160.0,17,6,1549,518,518,3.3340843393547925,0.4838477159069438,0.001936733376371853,0.6214092877862002,0.0032278889606197547,0.6285701501094293,0.34990316333118143,external_qwen3_embedding_06b_post|external_splade_cocondenser_ensembledistil_post|external_qwen3_embedding_06b_pre|rrf_dense_e5_base_v2_pre|external_qwen3_embedding_06b_pre|external_qwen3_embedding_06b_pre,True
as-released,False,160.0,23,6,1585,500,500,3.6368250652430647,0.40112167239663077,0.0037854889589905363,0.6410282515866332,0.0031545741324921135,0.6368129297149656,0.0,external_qwen3_embedding_06b_pre|external_qwen3_embedding_06b_post|external_qwen3_embedding_06b_pre|rrf_dense_e5_base_v2_pre|external_qwen3_embedding_06b_post|external_qwen3_embedding_06b_post,True
union,True,160.0,23,6,1585,500,500,3.6368250652430647,0.4306973901094615,0.0037854889589905363,0.6410282515866332,0.0031545741324921135,0.6368129297149656,0.0,external_qwen3_embedding_06b_pre|external_qwen3_embedding_06b_post|external_qwen3_embedding_06b_pre|rrf_dense_e5_base_v2_pre|external_qwen3_embedding_06b_post|external_qwen3_embedding_06b_post,True
selection,True,160.0,23,6,1585,500,500,3.6368250652430647,0.40112167239663077,0.0018927444794952682,0.6283747105068943,0.0031545741324921135,0.6368129297149656,0.3438485804416404,external_splade_cocondenser_ensembledistil_post|external_qwen3_embedding_06b_post|external_qwen3_embedding_06b_pre|rrf_dense_e5_base_v2_pre|external_qwen3_embedding_06b_post|external_qwen3_embedding_06b_post,True
as-released,False,160.0,29,6,1584,501,500,3.601642042161862,0.3516027744899937,0.004419191919191919,0.6405768566662352,0.0031565656565656565,0.6409832478797257,0.0,external_qwen3_embedding_06b_pre|external_qwen3_embedding_06b_pre|external_splade_cocondenser_ensembledistil_post|external_qwen3_embedding_06b_post|external_qwen3_embedding_06b_post|external_qwen3_embedding_06b_post,True
union,True,160.0,29,6,1584,501,500,3.601642042161862,0.37700731918702335,0.004419191919191919,0.6405768566662352,0.0031565656565656565,0.6409832478797257,0.0,external_qwen3_embedding_06b_pre|external_qwen3_embedding_06b_pre|external_splade_cocondenser_ensembledistil_post|external_qwen3_embedding_06b_post|external_qwen3_embedding_06b_post|external_qwen3_embedding_06b_post,True
selection,True,160.0,29,6,1584,501,500,3.601642042161862,0.3516027744899937,0.0031565656565656565,0.6077788437345114,0.0031565656565656565,0.6409832478797257,0.5,external_splade_cocondenser_ensembledistil_post|external_qwen3_embedding_06b_pre|external_splade_cocondenser_ensembledistil_post|external_qwen3_embedding_06b_post|external_qwen3_embedding_06b_post|external_qwen3_embedding_06b_post,True
as-released,False,160.0,31,6,1608,489,488,3.6911935703114587,0.4051126162387679,0.003109452736318408,0.631569498361949,0.003109452736318408,0.633563978940921,0.0,external_qwen3_embedding_06b_pre|external_qwen3_embedding_06b_post|external_qwen3_embedding_06b_pre|external_splade_cocondenser_ensembledistil_post|external_qwen3_embedding_06b_post|external_qwen3_embedding_06b_post,True
union,True,160.0,31,6,1608,489,488,3.6911935703114587,0.43648415418605196,0.003109452736318408,0.631569498361949,0.003109452736318408,0.633563978940921,0.0,external_qwen3_embedding_06b_pre|external_qwen3_embedding_06b_post|external_qwen3_embedding_06b_pre|external_splade_cocondenser_ensembledistil_post|external_qwen3_embedding_06b_post|external_qwen3_embedding_06b_post,True
selection,True,160.0,31,6,1608,489,488,3.6911935703114587,0.4051126162387679,0.0012437810945273632,0.6193471472122697,0.003109452736318408,0.633563978940921,0.34639303482587064,external_qwen3_embedding_06b_pre|external_qwen3_embedding_06b_post|external_splade_cocondenser_ensembledistil_post|external_splade_cocondenser_ensembledistil_post|external_qwen3_embedding_06b_post|external_qwen3_embedding_06b_post,True
as-released,False,80.0,13,8,1557,514,514,3.7400973035463907,0.5155339735288672,0.0012845215157353885,0.60512478649426,0.10854206807964033,0.6403948127943918,0.07321772639691715,external_splade_cocondenser_ensembledistil_post|external_splade_cocondenser_ensembledistil_post|external_qwen3_embedding_06b_post|external_qwen3_embedding_06b_pre|external_splade_cocondenser_ensembledistil_post|external_splade_cocondenser_ensembledistil_post|external_qwen3_embedding_06b_pre|external_splade_cocondenser_ensembledistil_post,True
union,True,80.0,13,8,1557,514,514,3.7400973035463907,0.5551338558707504,0.005780346820809248,0.6039649177373404,0.10854206807964033,0.6403948127943918,0.0,external_splade_cocondenser_ensembledistil_post|external_qwen3_embedding_06b_pre|external_qwen3_embedding_06b_post|external_qwen3_embedding_06b_pre|external_splade_cocondenser_ensembledistil_post|external_splade_cocondenser_ensembledistil_post|external_qwen3_embedding_06b_pre|external_splade_cocondenser_ensembledistil_post,True
selection,True,80.0,13,8,1557,514,514,3.7400973035463907,0.5155339735288672,0.0012845215157353885,0.60512478649426,0.10854206807964033,0.6403948127943918,0.07321772639691715,external_splade_cocondenser_ensembledistil_post|external_splade_cocondenser_ensembledistil_post|external_qwen3_embedding_06b_post|external_qwen3_embedding_06b_pre|external_splade_cocondenser_ensembledistil_post|external_splade_cocondenser_ensembledistil_post|external_qwen3_embedding_06b_pre|external_splade_cocondenser_ensembledistil_post,True
as-released,False,80.0,17,8,1549,518,518,3.41641384326658,0.6162490947085858,0.0012911555842479018,0.5949066368108039,0.11620400258231117,0.6285701501094293,0.0,external_splade_cocondenser_ensembledistil_post|external_qwen3_embedding_06b_pre|external_qwen3_embedding_06b_pre|external_splade_cocondenser_ensembledistil_post|rrf_dense_e5_base_v2_pre|external_splade_cocondenser_ensembledistil_post|weighted_dense_e5_base_v2_post|external_splade_cocondenser_ensembledistil_post,True
union,True,80.0,17,8,1549,518,518,3.41641384326658,0.6552405590419406,0.0012911555842479018,0.5949066368108039,0.11620400258231117,0.6285701501094293,0.0,external_splade_cocondenser_ensembledistil_post|external_qwen3_embedding_06b_pre|external_qwen3_embedding_06b_pre|external_splade_cocondenser_ensembledistil_post|rrf_dense_e5_base_v2_pre|external_splade_cocondenser_ensembledistil_post|weighted_dense_e5_base_v2_post|external_splade_cocondenser_ensembledistil_post,True
selection,True,80.0,17,8,1549,518,518,3.41641384326658,0.6162490947085858,0.0012911555842479018,0.5764055022704216,0.11620400258231117,0.6285701501094293,0.26920593931568754,external_splade_cocondenser_ensembledistil_post|external_splade_cocondenser_ensembledistil_post|external_splade_cocondenser_ensembledistil_post|external_splade_cocondenser_ensembledistil_post|rrf_dense_e5_base_v2_pre|external_splade_cocondenser_ensembledistil_post|weighted_dense_e5_base_v2_post|external_splade_cocondenser_ensembledistil_post,True
as-released,False,80.0,23,8,1585,500,500,3.6421189014204987,0.5560886316497788,0.0012618296529968455,0.6060119000118039,0.11608832807570978,0.6368129297149656,0.0,external_qwen3_embedding_06b_pre|external_splade_cocondenser_ensembledistil_post|external_splade_cocondenser_ensembledistil_post|rrf_dense_e5_base_v2_pre|external_splade_cocondenser_ensembledistil_post|external_splade_cocondenser_ensembledistil_post|bm25_post|external_qwen3_embedding_06b_pre,True
union,True,80.0,23,8,1585,500,500,3.6421189014204987,0.5979768900127723,0.0012618296529968455,0.6060119000118039,0.11608832807570978,0.6368129297149656,0.0,external_qwen3_embedding_06b_pre|external_splade_cocondenser_ensembledistil_post|external_splade_cocondenser_ensembledistil_post|rrf_dense_e5_base_v2_pre|external_splade_cocondenser_ensembledistil_post|external_splade_cocondenser_ensembledistil_post|bm25_post|external_qwen3_embedding_06b_pre,True
selection,True,80.0,23,8,1585,500,500,3.6421189014204987,0.5560886316497788,0.0012618296529968455,0.5920050774162796,0.11608832807570978,0.6368129297149656,0.14384858044164037,external_qwen3_embedding_06b_pre|external_splade_cocondenser_ensembledistil_post|external_splade_cocondenser_ensembledistil_post|rrf_dense_e5_base_v2_pre|external_splade_cocondenser_ensembledistil_post|external_splade_cocondenser_ensembledistil_post|bm25_post|external_splade_cocondenser_ensembledistil_post,True
as-released,False,80.0,29,8,1584,501,500,3.6872257928348118,0.5042925310012836,0.0031565656565656565,0.6082027846234844,0.10795454545454546,0.6409832478797257,0.0,external_qwen3_embedding_06b_pre|external_splade_cocondenser_ensembledistil_post|external_splade_cocondenser_ensembledistil_post|external_qwen3_embedding_06b_pre|external_splade_cocondenser_ensembledistil_post|weighted_dense_e5_base_v2_post|external_splade_cocondenser_ensembledistil_post|external_splade_cocondenser_ensembledistil_post,True
union,True,80.0,29,8,1584,501,500,3.6872257928348118,0.5409196893692323,0.0031565656565656565,0.6082027846234844,0.10795454545454546,0.6409832478797257,0.0,external_qwen3_embedding_06b_pre|external_splade_cocondenser_ensembledistil_post|external_splade_cocondenser_ensembledistil_post|external_qwen3_embedding_06b_pre|external_splade_cocondenser_ensembledistil_post|weighted_dense_e5_base_v2_post|external_splade_cocondenser_ensembledistil_post|external_splade_cocondenser_ensembledistil_post,True
selection,True,80.0,29,8,1584,501,500,3.6872257928348118,0.5042925310012836,0.0031565656565656565,0.6082027846234844,0.10795454545454546,0.6409832478797257,0.0,external_qwen3_embedding_06b_pre|external_splade_cocondenser_ensembledistil_post|external_splade_cocondenser_ensembledistil_post|external_qwen3_embedding_06b_pre|external_splade_cocondenser_ensembledistil_post|weighted_dense_e5_base_v2_post|external_splade_cocondenser_ensembledistil_post|external_splade_cocondenser_ensembledistil_post,True
as-released,False,80.0,31,8,1608,489,488,3.51928522070983,0.5556884656038453,0.0012437810945273632,0.5978453743244766,0.11069651741293532,0.633563978940921,0.0,external_splade_cocondenser_ensembledistil_post|external_splade_cocondenser_ensembledistil_post|external_splade_cocondenser_ensembledistil_post|bm25_post|external_qwen3_embedding_06b_pre|external_qwen3_embedding_06b_post|external_splade_cocondenser_ensembledistil_post|external_qwen3_embedding_06b_pre,True
union,True,80.0,31,8,1608,489,488,3.51928522070983,0.5976929940914154,0.0012437810945273632,0.5978453743244766,0.11069651741293532,0.633563978940921,0.0,external_splade_cocondenser_ensembledistil_post|external_splade_cocondenser_ensembledistil_post|external_splade_cocondenser_ensembledistil_post|bm25_post|external_qwen3_embedding_06b_pre|external_qwen3_embedding_06b_post|external_splade_cocondenser_ensembledistil_post|external_qwen3_embedding_06b_pre,True
selection,True,80.0,31,8,1608,489,488,3.51928522070983,0.5556884656038453,0.0012437810945273632,0.5946394398580066,0.11069651741293532,0.633563978940921,0.13121890547263682,external_splade_cocondenser_ensembledistil_post|external_splade_cocondenser_ensembledistil_post|external_splade_cocondenser_ensembledistil_post|bm25_post|external_splade_cocondenser_ensembledistil_post|external_qwen3_embedding_06b_post|external_splade_cocondenser_ensembledistil_post|external_qwen3_embedding_06b_pre,True
as-released,False,120.0,13,8,1557,514,514,3.7400973035463907,0.5155339735288672,0.00449582530507386,0.6062554092874977,0.047527296082209375,0.6403948127943918,0.5529865125240848,external_splade_cocondenser_ensembledistil_post|external_splade_cocondenser_ensembledistil_post|external_qwen3_embedding_06b_post|external_qwen3_embedding_06b_pre|external_qwen3_embedding_06b_pre|external_splade_cocondenser_ensembledistil_post|external_qwen3_embedding_06b_pre|external_splade_cocondenser_ensembledistil_post,True
union,True,120.0,13,8,1557,514,514,3.7400973035463907,0.5551338558707504,0.005138086062941554,0.605095540530578,0.047527296082209375,0.6403948127943918,0.4797687861271676,external_splade_cocondenser_ensembledistil_post|external_qwen3_embedding_06b_pre|external_qwen3_embedding_06b_post|external_qwen3_embedding_06b_pre|external_qwen3_embedding_06b_pre|external_splade_cocondenser_ensembledistil_post|external_qwen3_embedding_06b_pre|external_splade_cocondenser_ensembledistil_post,True
selection,True,120.0,13,8,1557,514,514,3.7400973035463907,0.5181396087946639,0.005138086062941554,0.605095540530578,0.047527296082209375,0.6403948127943918,0.4797687861271676,external_splade_cocondenser_ensembledistil_post|external_qwen3_embedding_06b_pre|external_qwen3_embedding_06b_post|external_qwen3_embedding_06b_pre|external_qwen3_embedding_06b_pre|external_splade_cocondenser_ensembledistil_post|external_qwen3_embedding_06b_pre|external_splade_cocondenser_ensembledistil_post,True
as-released,False,120.0,17,8,1549,518,518,3.41641384326658,0.6162490947085858,0.0,0.5949066368108039,0.04906391220142027,0.6285701501094293,0.500322788896062,external_splade_cocondenser_ensembledistil_post|external_qwen3_embedding_06b_pre|external_qwen3_embedding_06b_pre|external_splade_cocondenser_ensembledistil_post|rrf_dense_e5_base_v2_pre|external_splade_cocondenser_ensembledistil_post|weighted_dense_e5_base_v2_post|external_splade_cocondenser_ensembledistil_post,True
union,True,120.0,17,8,1549,518,518,3.41641384326658,0.6552405590419406,0.012265978050355068,0.6012954526533458,0.04906391220142027,0.6285701501094293,0.24919302775984506,external_qwen3_embedding_06b_pre|external_qwen3_embedding_06b_pre|external_qwen3_embedding_06b_pre|external_splade_cocondenser_ensembledistil_post|rrf_dense_e5_base_v2_pre|external_splade_cocondenser_ensembledistil_post|weighted_dense_e5_base_v2_post|external_splade_cocondenser_ensembledistil_post,True
selection,True,120.0,17,8,1549,518,518,3.41641384326658,0.6162490947085858,0.0,0.5949066368108039,0.04906391220142027,0.6285701501094293,0.500322788896062,external_splade_cocondenser_ensembledistil_post|external_qwen3_embedding_06b_pre|external_qwen3_embedding_06b_pre|external_splade_cocondenser_ensembledistil_post|rrf_dense_e5_base_v2_pre|external_splade_cocondenser_ensembledistil_post|weighted_dense_e5_base_v2_post|external_splade_cocondenser_ensembledistil_post,True
as-released,False,120.0,23,8,1585,500,500,3.6421189014204987,0.5560886316497788,0.0,0.6060119000118039,0.04794952681388013,0.6368129297149656,0.4725552050473186,external_qwen3_embedding_06b_pre|external_splade_cocondenser_ensembledistil_post|external_splade_cocondenser_ensembledistil_post|rrf_dense_e5_base_v2_pre|external_splade_cocondenser_ensembledistil_post|external_splade_cocondenser_ensembledistil_post|bm25_post|external_qwen3_embedding_06b_pre,True
union,True,120.0,23,8,1585,500,500,3.6421189014204987,0.5979768900127723,0.0,0.6060119000118039,0.04794952681388013,0.6368129297149656,0.4725552050473186,external_qwen3_embedding_06b_pre|external_splade_cocondenser_ensembledistil_post|external_splade_cocondenser_ensembledistil_post|rrf_dense_e5_base_v2_pre|external_splade_cocondenser_ensembledistil_post|external_splade_cocondenser_ensembledistil_post|bm25_post|external_qwen3_embedding_06b_pre,True
selection,True,120.0,23,8,1585,500,500,3.6421189014204987,0.5560886316497788,0.0,0.6060119000118039,0.04794952681388013,0.6368129297149656,0.4725552050473186,external_qwen3_embedding_06b_pre|external_splade_cocondenser_ensembledistil_post|external_splade_cocondenser_ensembledistil_post|rrf_dense_e5_base_v2_pre|external_splade_cocondenser_ensembledistil_post|external_splade_cocondenser_ensembledistil_post|bm25_post|external_qwen3_embedding_06b_pre,True
as-released,False,120.0,29,8,1584,501,500,3.6872257928348118,0.5042925310012836,0.0,0.6082027846234844,0.041035353535353536,0.6409832478797257,0.48674242424242425,external_qwen3_embedding_06b_pre|external_splade_cocondenser_ensembledistil_post|external_splade_cocondenser_ensembledistil_post|external_qwen3_embedding_06b_pre|external_splade_cocondenser_ensembledistil_post|weighted_dense_e5_base_v2_post|external_splade_cocondenser_ensembledistil_post|external_splade_cocondenser_ensembledistil_post,True
union,True,120.0,29,8,1584,501,500,3.6872257928348118,0.5409196893692323,0.0,0.6082027846234844,0.041035353535353536,0.6409832478797257,0.48674242424242425,external_qwen3_embedding_06b_pre|external_splade_cocondenser_ensembledistil_post|external_splade_cocondenser_ensembledistil_post|external_qwen3_embedding_06b_pre|external_splade_cocondenser_ensembledistil_post|weighted_dense_e5_base_v2_post|external_splade_cocondenser_ensembledistil_post|external_splade_cocondenser_ensembledistil_post,True
selection,True,120.0,29,8,1584,501,500,3.6872257928348118,0.5042925310012836,0.0,0.6082027846234844,0.041035353535353536,0.6409832478797257,0.48674242424242425,external_qwen3_embedding_06b_pre|external_splade_cocondenser_ensembledistil_post|external_splade_cocondenser_ensembledistil_post|external_qwen3_embedding_06b_pre|external_splade_cocondenser_ensembledistil_post|weighted_dense_e5_base_v2_post|external_splade_cocondenser_ensembledistil_post|external_splade_cocondenser_ensembledistil_post,True
as-released,False,120.0,31,8,1608,489,488,3.51928522070983,0.5556884656038453,0.010572139303482588,0.5996267064298759,0.04788557213930348,0.633563978940921,0.0,external_splade_cocondenser_ensembledistil_post|external_splade_cocondenser_ensembledistil_post|external_qwen3_embedding_06b_pre|bm25_post|external_qwen3_embedding_06b_pre|external_qwen3_embedding_06b_post|external_qwen3_embedding_06b_pre|external_qwen3_embedding_06b_pre,True
union,True,120.0,31,8,1608,489,488,3.51928522070983,0.5976929940914154,0.010572139303482588,0.5996267064298759,0.04788557213930348,0.633563978940921,0.0,external_splade_cocondenser_ensembledistil_post|external_splade_cocondenser_ensembledistil_post|external_qwen3_embedding_06b_pre|bm25_post|external_qwen3_embedding_06b_pre|external_qwen3_embedding_06b_post|external_qwen3_embedding_06b_pre|external_qwen3_embedding_06b_pre,True
selection,True,120.0,31,8,1608,489,488,3.51928522070983,0.5556884656038453,0.010572139303482588,0.5996267064298759,0.04788557213930348,0.633563978940921,0.0,external_splade_cocondenser_ensembledistil_post|external_splade_cocondenser_ensembledistil_post|external_qwen3_embedding_06b_pre|bm25_post|external_qwen3_embedding_06b_pre|external_qwen3_embedding_06b_post|external_qwen3_embedding_06b_pre|external_qwen3_embedding_06b_pre,True
as-released,False,160.0,13,8,1557,514,514,3.7400973035463907,0.5155339735288672,0.002569043031470777,0.6325460595552209,0.0019267822736030828,0.6403948127943918,0.2363519588953115,external_qwen3_embedding_06b_pre|external_qwen3_embedding_06b_post|external_qwen3_embedding_06b_post|external_qwen3_embedding_06b_post|external_qwen3_embedding_06b_post|external_splade_cocondenser_ensembledistil_post|external_qwen3_embedding_06b_post|external_splade_cocondenser_ensembledistil_post,True
union,True,160.0,13,8,1557,514,514,3.7400973035463907,0.5551338558707504,0.002569043031470777,0.6325460595552209,0.0019267822736030828,0.6403948127943918,0.2363519588953115,external_qwen3_embedding_06b_pre|external_qwen3_embedding_06b_post|external_qwen3_embedding_06b_post|external_qwen3_embedding_06b_post|external_qwen3_embedding_06b_post|external_splade_cocondenser_ensembledistil_post|external_qwen3_embedding_06b_post|external_splade_cocondenser_ensembledistil_post,True
selection,True,160.0,13,8,1557,514,514,3.7400973035463907,0.5767708936943008,0.002569043031470777,0.611696999771309,0.0019267822736030828,0.6403948127943918,0.24341682723185612,external_splade_cocondenser_ensembledistil_post|external_qwen3_embedding_06b_post|external_qwen3_embedding_06b_post|external_qwen3_embedding_06b_post|external_qwen3_embedding_06b_post|external_splade_cocondenser_ensembledistil_post|external_qwen3_embedding_06b_post|external_qwen3_embedding_06b_post,True
as-released,False,160.0,17,8,1549,518,518,3.41641384326658,0.6162490947085858,0.001936733376371853,0.6298555482749891,0.0032278889606197547,0.6285701501094293,0.0,external_qwen3_embedding_06b_post|external_qwen3_embedding_06b_pre|external_qwen3_embedding_06b_pre|external_qwen3_embedding_06b_post|rrf_dense_e5_base_v2_pre|external_qwen3_embedding_06b_pre|weighted_dense_e5_base_v2_post|external_splade_cocondenser_ensembledistil_post,True
union,True,160.0,17,8,1549,518,518,3.41641384326658,0.6552405590419406,0.001936733376371853,0.6298555482749891,0.0032278889606197547,0.6285701501094293,0.0,external_qwen3_embedding_06b_post|external_qwen3_embedding_06b_pre|external_qwen3_embedding_06b_pre|external_qwen3_embedding_06b_post|rrf_dense_e5_base_v2_pre|external_qwen3_embedding_06b_pre|weighted_dense_e5_base_v2_post|external_splade_cocondenser_ensembledistil_post,True
selection,True,160.0,17,8,1549,518,518,3.41641384326658,0.6162490947085858,0.001936733376371853,0.6054047493002939,0.0032278889606197547,0.6285701501094293,0.24919302775984506,external_qwen3_embedding_06b_post|external_qwen3_embedding_06b_pre|external_qwen3_embedding_06b_pre|external_qwen3_embedding_06b_post|rrf_dense_e5_base_v2_pre|external_splade_cocondenser_ensembledistil_post|weighted_dense_e5_base_v2_post|external_splade_cocondenser_ensembledistil_post,True
as-released,False,160.0,23,8,1585,500,500,3.6421189014204987,0.5560886316497788,0.0018927444794952682,0.6392153671419667,0.0031545741324921135,0.6368129297149656,0.0,external_qwen3_embedding_06b_pre|external_qwen3_embedding_06b_post|external_qwen3_embedding_06b_pre|rrf_dense_e5_base_v2_pre|external_splade_cocondenser_ensembledistil_post|external_qwen3_embedding_06b_post|bm25_post|external_qwen3_embedding_06b_pre,True
union,True,160.0,23,8,1585,500,500,3.6421189014204987,0.5979768900127723,0.0018927444794952682,0.6392153671419667,0.0031545741324921135,0.6368129297149656,0.0,external_qwen3_embedding_06b_pre|external_qwen3_embedding_06b_post|external_qwen3_embedding_06b_pre|rrf_dense_e5_base_v2_pre|external_splade_cocondenser_ensembledistil_post|external_qwen3_embedding_06b_post|bm25_post|external_qwen3_embedding_06b_pre,True
selection,True,160.0,23,8,1585,500,500,3.6421189014204987,0.5560886316497788,0.0006309148264984228,0.6323392449902849,0.0031545741324921135,0.6368129297149656,0.24416403785488958,external_qwen3_embedding_06b_pre|external_qwen3_embedding_06b_post|external_splade_cocondenser_ensembledistil_post|rrf_dense_e5_base_v2_pre|external_splade_cocondenser_ensembledistil_post|external_qwen3_embedding_06b_post|bm25_post|external_qwen3_embedding_06b_pre,True
as-released,False,160.0,29,8,1584,501,500,3.6872257928348118,0.5042925310012836,0.0025252525252525255,0.6405816227345326,0.0031565656565656565,0.6409832478797257,0.0,external_qwen3_embedding_06b_pre|external_qwen3_embedding_06b_pre|external_qwen3_embedding_06b_post|external_qwen3_embedding_06b_post|external_splade_cocondenser_ensembledistil_post|weighted_dense_e5_base_v2_post|external_qwen3_embedding_06b_post|external_splade_cocondenser_ensembledistil_post,True
union,True,160.0,29,8,1584,501,500,3.6872257928348118,0.5409196893692323,0.0025252525252525255,0.6405816227345326,0.0031565656565656565,0.6409832478797257,0.0,external_qwen3_embedding_06b_pre|external_qwen3_embedding_06b_pre|external_qwen3_embedding_06b_post|external_qwen3_embedding_06b_post|external_splade_cocondenser_ensembledistil_post|weighted_dense_e5_base_v2_post|external_qwen3_embedding_06b_post|external_splade_cocondenser_ensembledistil_post,True
selection,True,160.0,29,8,1584,501,500,3.6872257928348118,0.5042925310012836,0.0012626262626262627,0.6344430770624919,0.0031565656565656565,0.6409832478797257,0.2398989898989899,external_qwen3_embedding_06b_pre|external_splade_cocondenser_ensembledistil_post|external_qwen3_embedding_06b_post|external_qwen3_embedding_06b_post|external_splade_cocondenser_ensembledistil_post|weighted_dense_e5_base_v2_post|external_qwen3_embedding_06b_post|external_splade_cocondenser_ensembledistil_post,True
as-released,False,160.0,31,8,1608,489,488,3.51928522070983,0.5556884656038453,0.0012437810945273632,0.6236436141849686,0.003109452736318408,0.633563978940921,0.0,external_qwen3_embedding_06b_post|external_splade_cocondenser_ensembledistil_post|external_qwen3_embedding_06b_post|bm25_post|external_qwen3_embedding_06b_pre|external_qwen3_embedding_06b_post|external_qwen3_embedding_06b_post|external_qwen3_embedding_06b_post,True
union,True,160.0,31,8,1608,489,488,3.51928522070983,0.5976929940914154,0.0012437810945273632,0.6236436141849686,0.003109452736318408,0.633563978940921,0.0,external_qwen3_embedding_06b_post|external_splade_cocondenser_ensembledistil_post|external_qwen3_embedding_06b_post|bm25_post|external_qwen3_embedding_06b_pre|external_qwen3_embedding_06b_post|external_qwen3_embedding_06b_post|external_qwen3_embedding_06b_post,True
selection,True,160.0,31,8,1608,489,488,3.51928522070983,0.5556884656038453,0.0012437810945273632,0.6236436141849686,0.003109452736318408,0.633563978940921,0.0,external_qwen3_embedding_06b_post|external_splade_cocondenser_ensembledistil_post|external_qwen3_embedding_06b_post|bm25_post|external_qwen3_embedding_06b_pre|external_qwen3_embedding_06b_post|external_qwen3_embedding_06b_post|external_qwen3_embedding_06b_post,True
as-released,False,80.0,13,12,1557,514,514,3.493765832155034,0.6891671173998108,0.002569043031470777,0.5800975621002529,0.10854206807964033,0.6403948127943918,0.2029543994861914,external_splade_cocondenser_ensembledistil_post|external_qwen3_embedding_06b_pre|external_splade_cocondenser_ensembledistil_post|external_qwen3_embedding_06b_post|external_qwen3_embedding_06b_pre|weighted_dense_e5_base_v2_pre|external_qwen3_embedding_06b_pre|rrf_dense_e5_base_v2_post|external_splade_cocondenser_ensembledistil_post|external_splade_cocondenser_ensembledistil_post|bm25_post|bm25_post,True
union,True,80.0,13,12,1557,514,514,3.493765832155034,0.736688183110403,0.002569043031470777,0.5800975621002529,0.10854206807964033,0.6403948127943918,0.2029543994861914,external_splade_cocondenser_ensembledistil_post|external_qwen3_embedding_06b_pre|external_splade_cocondenser_ensembledistil_post|external_qwen3_embedding_06b_post|external_qwen3_embedding_06b_pre|weighted_dense_e5_base_v2_pre|external_qwen3_embedding_06b_pre|rrf_dense_e5_base_v2_post|external_splade_cocondenser_ensembledistil_post|external_splade_cocondenser_ensembledistil_post|bm25_post|bm25_post,True
selection,True,80.0,13,12,1557,514,514,3.493765832155034,0.6891671173998108,0.002569043031470777,0.5800975621002529,0.10854206807964033,0.6403948127943918,0.2029543994861914,external_splade_cocondenser_ensembledistil_post|external_qwen3_embedding_06b_pre|external_splade_cocondenser_ensembledistil_post|external_qwen3_embedding_06b_post|external_qwen3_embedding_06b_pre|weighted_dense_e5_base_v2_pre|external_qwen3_embedding_06b_pre|rrf_dense_e5_base_v2_post|external_splade_cocondenser_ensembledistil_post|external_splade_cocondenser_ensembledistil_post|bm25_post|bm25_post,True
as-released,False,80.0,17,12,1549,518,518,3.337436939420255,0.7558408647711001,0.0,0.5919336983764689,0.11620400258231117,0.6285701501094293,0.20464816010329245,rerank_depth_20|external_qwen3_embedding_06b_pre|external_splade_cocondenser_ensembledistil_post|external_splade_cocondenser_ensembledistil_post|external_splade_cocondenser_ensembledistil_post|bm25_post|dense_e5_base_v2_post|external_qwen3_embedding_06b_pre|external_splade_cocondenser_ensembledistil_post|external_splade_cocondenser_ensembledistil_post|rrf_dense_e5_base_v2_pre|external_splade_cocondenser_ensembledistil_post,True
union,True,80.0,17,12,1549,518,518,3.337436939420255,0.7858706084262663,0.0,0.5919336983764689,0.11620400258231117,0.6285701501094293,0.20464816010329245,rerank_depth_20|external_qwen3_embedding_06b_pre|external_splade_cocondenser_ensembledistil_post|external_splade_cocondenser_ensembledistil_post|external_splade_cocondenser_ensembledistil_post|bm25_post|dense_e5_base_v2_post|external_qwen3_embedding_06b_pre|external_splade_cocondenser_ensembledistil_post|external_splade_cocondenser_ensembledistil_post|rrf_dense_e5_base_v2_pre|external_splade_cocondenser_ensembledistil_post,True
selection,True,80.0,17,12,1549,518,518,3.337436939420255,0.7558408647711001,0.0,0.5780992370983379,0.11620400258231117,0.6285701501094293,0.33570045190445447,rerank_depth_20|external_qwen3_embedding_06b_pre|external_splade_cocondenser_ensembledistil_post|external_splade_cocondenser_ensembledistil_post|external_splade_cocondenser_ensembledistil_post|bm25_post|dense_e5_base_v2_post|external_splade_cocondenser_ensembledistil_post|external_splade_cocondenser_ensembledistil_post|external_splade_cocondenser_ensembledistil_post|rrf_dense_e5_base_v2_pre|external_splade_cocondenser_ensembledistil_post,True
as-released,False,80.0,23,12,1585,500,500,3.5641601491684276,0.7415977809895264,0.0006309148264984228,0.6055922311936246,0.11608832807570978,0.6368129297149656,0.19053627760252365,external_splade_cocondenser_ensembledistil_post|external_splade_cocondenser_ensembledistil_post|external_splade_cocondenser_ensembledistil_post|external_qwen3_embedding_06b_pre|rrf_dense_e5_base_v2_pre|bm25_post|external_splade_cocondenser_ensembledistil_post|external_splade_cocondenser_ensembledistil_post|rerank_depth_100|external_splade_cocondenser_ensembledistil_post|external_splade_cocondenser_ensembledistil_post|external_qwen3_embedding_06b_pre,True
union,True,80.0,23,12,1585,500,500,3.5641601491684276,0.7627774453406396,0.0006309148264984228,0.6055922311936246,0.11608832807570978,0.6368129297149656,0.19053627760252365,external_splade_cocondenser_ensembledistil_post|external_splade_cocondenser_ensembledistil_post|external_splade_cocondenser_ensembledistil_post|external_qwen3_embedding_06b_pre|rrf_dense_e5_base_v2_pre|bm25_post|external_splade_cocondenser_ensembledistil_post|external_splade_cocondenser_ensembledistil_post|rerank_depth_100|external_splade_cocondenser_ensembledistil_post|external_splade_cocondenser_ensembledistil_post|external_qwen3_embedding_06b_pre,True
selection,True,80.0,23,12,1585,500,500,3.5641601491684276,0.7415977809895264,0.0006309148264984228,0.5911020037929055,0.11608832807570978,0.6368129297149656,0.317981072555205,external_splade_cocondenser_ensembledistil_post|external_splade_cocondenser_ensembledistil_post|external_splade_cocondenser_ensembledistil_post|external_splade_cocondenser_ensembledistil_post|rrf_dense_e5_base_v2_pre|bm25_post|external_splade_cocondenser_ensembledistil_post|external_splade_cocondenser_ensembledistil_post|rerank_depth_100|external_splade_cocondenser_ensembledistil_post|external_splade_cocondenser_ensembledistil_post|external_qwen3_embedding_06b_pre,True
as-released,False,80.0,29,12,1584,501,500,3.454014968066795,0.7015028053185455,0.001893939393939394,0.60656717742681,0.10795454545454546,0.6409832478797257,0.21085858585858586,external_qwen3_embedding_06b_pre|external_splade_cocondenser_ensembledistil_post|external_splade_cocondenser_ensembledistil_post|external_splade_cocondenser_ensembledistil_post|external_qwen3_embedding_06b_pre|external_splade_cocondenser_ensembledistil_post|bm25_post|external_splade_cocondenser_ensembledistil_post|external_splade_cocondenser_ensembledistil_post|external_splade_cocondenser_ensembledistil_post|external_qwen3_embedding_06b_pre|external_splade_cocondenser_ensembledistil_post,True
union,True,80.0,29,12,1584,501,500,3.454014968066795,0.7483676882814232,0.030303030303030304,0.6309943532432296,0.10795454545454546,0.6409832478797257,0.0,external_qwen3_embedding_06b_pre|external_splade_cocondenser_ensembledistil_post|external_splade_cocondenser_ensembledistil_post|external_splade_cocondenser_ensembledistil_post|external_qwen3_embedding_06b_pre|external_splade_cocondenser_ensembledistil_post|bm25_post|external_splade_cocondenser_ensembledistil_post|external_splade_cocondenser_ensembledistil_post|external_splade_cocondenser_ensembledistil_post|external_qwen3_embedding_06b_pre|external_qwen3_embedding_06b_pre,True
selection,True,80.0,29,12,1584,501,500,3.454014968066795,0.7235306004941284,0.030303030303030304,0.6309943532432296,0.10795454545454546,0.6409832478797257,0.0,external_qwen3_embedding_06b_pre|external_splade_cocondenser_ensembledistil_post|external_splade_cocondenser_ensembledistil_post|external_splade_cocondenser_ensembledistil_post|external_qwen3_embedding_06b_pre|external_splade_cocondenser_ensembledistil_post|bm25_post|external_splade_cocondenser_ensembledistil_post|external_splade_cocondenser_ensembledistil_post|external_splade_cocondenser_ensembledistil_post|external_qwen3_embedding_06b_pre|external_qwen3_embedding_06b_pre,True
as-released,False,80.0,31,12,1608,489,488,3.293841996723966,0.7158780556144253,0.003109452736318408,0.5967430141608413,0.11069651741293532,0.633563978940921,0.0,external_splade_cocondenser_ensembledistil_post|external_qwen3_embedding_06b_post|external_qwen3_embedding_06b_pre|external_splade_cocondenser_ensembledistil_post|bm25_post|external_splade_cocondenser_ensembledistil_post|external_qwen3_embedding_06b_pre|external_splade_cocondenser_ensembledistil_post|external_splade_cocondenser_ensembledistil_post|external_splade_cocondenser_ensembledistil_post|external_qwen3_embedding_06b_pre|rrf_dense_e5_base_v2_post,True
union,True,80.0,31,12,1608,489,488,3.293841996723966,0.7601693493396584,0.003109452736318408,0.5967430141608413,0.11069651741293532,0.633563978940921,0.0,external_splade_cocondenser_ensembledistil_post|external_qwen3_embedding_06b_post|external_qwen3_embedding_06b_pre|external_splade_cocondenser_ensembledistil_post|bm25_post|external_splade_cocondenser_ensembledistil_post|external_qwen3_embedding_06b_pre|external_splade_cocondenser_ensembledistil_post|external_splade_cocondenser_ensembledistil_post|external_splade_cocondenser_ensembledistil_post|external_qwen3_embedding_06b_pre|rrf_dense_e5_base_v2_post,True
selection,True,80.0,31,12,1608,489,488,3.293841996723966,0.7158780556144253,0.003109452736318408,0.5967430141608413,0.11069651741293532,0.633563978940921,0.0,external_splade_cocondenser_ensembledistil_post|external_qwen3_embedding_06b_post|external_qwen3_embedding_06b_pre|external_splade_cocondenser_ensembledistil_post|bm25_post|external_splade_cocondenser_ensembledistil_post|external_qwen3_embedding_06b_pre|external_splade_cocondenser_ensembledistil_post|external_splade_cocondenser_ensembledistil_post|external_splade_cocondenser_ensembledistil_post|external_qwen3_embedding_06b_pre|rrf_dense_e5_base_v2_post,True
as-released,False,120.0,13,12,1557,514,514,3.493765832155034,0.6891671173998108,0.0032113037893384713,0.6017653792882081,0.047527296082209375,0.6403948127943918,0.4059087989723828,external_splade_cocondenser_ensembledistil_post|external_qwen3_embedding_06b_pre|external_splade_cocondenser_ensembledistil_post|external_qwen3_embedding_06b_post|external_qwen3_embedding_06b_pre|weighted_dense_e5_base_v2_pre|external_qwen3_embedding_06b_pre|external_splade_cocondenser_ensembledistil_post|external_splade_cocondenser_ensembledistil_post|external_qwen3_embedding_06b_pre|bm25_post|bm25_post,True
union,True,120.0,13,12,1557,514,514,3.493765832155034,0.736688183110403,0.0032113037893384713,0.6017653792882081,0.047527296082209375,0.6403948127943918,0.4059087989723828,external_splade_cocondenser_ensembledistil_post|external_qwen3_embedding_06b_pre|external_splade_cocondenser_ensembledistil_post|external_qwen3_embedding_06b_post|external_qwen3_embedding_06b_pre|weighted_dense_e5_base_v2_pre|external_qwen3_embedding_06b_pre|external_splade_cocondenser_ensembledistil_post|external_splade_cocondenser_ensembledistil_post|external_qwen3_embedding_06b_pre|bm25_post|bm25_post,True
selection,True,120.0,13,12,1557,514,514,3.493765832155034,0.6891671173998108,0.0032113037893384713,0.6017653792882081,0.047527296082209375,0.6403948127943918,0.4059087989723828,external_splade_cocondenser_ensembledistil_post|external_qwen3_embedding_06b_pre|external_splade_cocondenser_ensembledistil_post|external_qwen3_embedding_06b_post|external_qwen3_embedding_06b_pre|weighted_dense_e5_base_v2_pre|external_qwen3_embedding_06b_pre|external_splade_cocondenser_ensembledistil_post|external_splade_cocondenser_ensembledistil_post|external_qwen3_embedding_06b_pre|bm25_post|bm25_post,True
as-released,False,120.0,17,12,1549,518,518,3.337436939420255,0.7558408647711001,0.025177533892834086,0.6003562581569895,0.04906391220142027,0.6285701501094293,0.20464816010329245,rerank_depth_100|external_qwen3_embedding_06b_pre|external_qwen3_embedding_06b_pre|external_qwen3_embedding_06b_pre|external_splade_cocondenser_ensembledistil_post|bm25_post|dense_e5_base_v2_post|external_qwen3_embedding_06b_pre|external_splade_cocondenser_ensembledistil_post|external_splade_cocondenser_ensembledistil_post|rrf_dense_e5_base_v2_pre|external_qwen3_embedding_06b_pre,True
union,True,120.0,17,12,1549,518,518,3.337436939420255,0.7858706084262663,0.025177533892834086,0.6003562581569895,0.04906391220142027,0.6285701501094293,0.20464816010329245,rerank_depth_100|external_qwen3_embedding_06b_pre|external_qwen3_embedding_06b_pre|external_qwen3_embedding_06b_pre|external_splade_cocondenser_ensembledistil_post|bm25_post|dense_e5_base_v2_post|external_qwen3_embedding_06b_pre|external_splade_cocondenser_ensembledistil_post|external_splade_cocondenser_ensembledistil_post|rrf_dense_e5_base_v2_pre|external_qwen3_embedding_06b_pre,True
selection,True,120.0,17,12,1549,518,518,3.337436939420255,0.7558408647711001,0.016139444803098774,0.594935245137685,0.04906391220142027,0.6285701501094293,0.42156229825693997,rerank_depth_100|external_qwen3_embedding_06b_pre|external_splade_cocondenser_ensembledistil_post|external_qwen3_embedding_06b_pre|external_splade_cocondenser_ensembledistil_post|bm25_post|dense_e5_base_v2_post|external_qwen3_embedding_06b_pre|external_splade_cocondenser_ensembledistil_post|external_splade_cocondenser_ensembledistil_post|rrf_dense_e5_base_v2_pre|external_qwen3_embedding_06b_pre,True
as-released,False,120.0,23,12,1585,500,500,3.5641601491684276,0.7415977809895264,0.024605678233438486,0.6336082076904039,0.04794952681388013,0.6368129297149656,0.0,external_qwen3_embedding_06b_pre|external_qwen3_embedding_06b_pre|external_splade_cocondenser_ensembledistil_post|external_qwen3_embedding_06b_pre|rrf_dense_e5_base_v2_pre|bm25_post|external_splade_cocondenser_ensembledistil_post|external_splade_cocondenser_ensembledistil_post|rerank_depth_100|external_qwen3_embedding_06b_pre|rrf_dense_e5_base_v2_post|external_qwen3_embedding_06b_pre,True
union,True,120.0,23,12,1585,500,500,3.5641601491684276,0.7627774453406396,0.024605678233438486,0.6336082076904039,0.04794952681388013,0.6368129297149656,0.0,external_qwen3_embedding_06b_pre|external_qwen3_embedding_06b_pre|external_splade_cocondenser_ensembledistil_post|external_qwen3_embedding_06b_pre|rrf_dense_e5_base_v2_pre|bm25_post|external_splade_cocondenser_ensembledistil_post|external_splade_cocondenser_ensembledistil_post|rerank_depth_100|external_qwen3_embedding_06b_pre|rrf_dense_e5_base_v2_post|external_qwen3_embedding_06b_pre,True
selection,True,120.0,23,12,1585,500,500,3.5641601491684276,0.7415977809895264,0.010725552050473186,0.6141065535888637,0.04794952681388013,0.6368129297149656,0.19053627760252365,external_qwen3_embedding_06b_pre|external_qwen3_embedding_06b_pre|external_splade_cocondenser_ensembledistil_post|external_qwen3_embedding_06b_pre|rrf_dense_e5_base_v2_pre|bm25_post|external_splade_cocondenser_ensembledistil_post|external_splade_cocondenser_ensembledistil_post|rerank_depth_100|external_splade_cocondenser_ensembledistil_post|rrf_dense_e5_base_v2_post|external_qwen3_embedding_06b_pre,True
as-released,False,120.0,29,12,1584,501,500,3.454014968066795,0.7015028053185455,0.0025252525252525255,0.6086579738641912,0.041035353535353536,0.6409832478797257,0.4065656565656566,external_qwen3_embedding_06b_pre|external_splade_cocondenser_ensembledistil_post|external_splade_cocondenser_ensembledistil_post|external_splade_cocondenser_ensembledistil_post|external_qwen3_embedding_06b_pre|external_splade_cocondenser_ensembledistil_post|bm25_post|weighted_dense_e5_base_v2_post|external_splade_cocondenser_ensembledistil_post|external_qwen3_embedding_06b_pre|external_qwen3_embedding_06b_pre|external_splade_cocondenser_ensembledistil_post,True
union,True,120.0,29,12,1584,501,500,3.454014968066795,0.7483676882814232,0.012626262626262626,0.633085149680611,0.041035353535353536,0.6409832478797257,0.19570707070707072,external_qwen3_embedding_06b_pre|external_splade_cocondenser_ensembledistil_post|external_splade_cocondenser_ensembledistil_post|external_splade_cocondenser_ensembledistil_post|external_qwen3_embedding_06b_pre|external_splade_cocondenser_ensembledistil_post|bm25_post|weighted_dense_e5_base_v2_post|external_splade_cocondenser_ensembledistil_post|external_qwen3_embedding_06b_pre|external_qwen3_embedding_06b_pre|external_qwen3_embedding_06b_pre,True
selection,True,120.0,29,12,1584,501,500,3.454014968066795,0.7235306004941284,0.012626262626262626,0.633085149680611,0.041035353535353536,0.6409832478797257,0.19570707070707072,external_qwen3_embedding_06b_pre|external_splade_cocondenser_ensembledistil_post|external_splade_cocondenser_ensembledistil_post|external_splade_cocondenser_ensembledistil_post|external_qwen3_embedding_06b_pre|external_splade_cocondenser_ensembledistil_post|bm25_post|weighted_dense_e5_base_v2_post|external_splade_cocondenser_ensembledistil_post|external_qwen3_embedding_06b_pre|external_qwen3_embedding_06b_pre|external_qwen3_embedding_06b_pre,True
as-released,False,120.0,31,12,1608,489,488,3.293841996723966,0.7158780556144253,0.013059701492537313,0.6007078348120236,0.04788557213930348,0.633563978940921,0.19713930348258707,external_splade_cocondenser_ensembledistil_post|external_qwen3_embedding_06b_post|external_qwen3_embedding_06b_pre|external_splade_cocondenser_ensembledistil_post|bm25_post|external_splade_cocondenser_ensembledistil_post|external_qwen3_embedding_06b_pre|external_splade_cocondenser_ensembledistil_post|external_qwen3_embedding_06b_pre|external_splade_cocondenser_ensembledistil_post|external_qwen3_embedding_06b_pre|external_qwen3_embedding_06b_pre,True
union,True,120.0,31,12,1608,489,488,3.293841996723966,0.7601693493396584,0.013059701492537313,0.6007078348120236,0.04788557213930348,0.633563978940921,0.19713930348258707,external_splade_cocondenser_ensembledistil_post|external_qwen3_embedding_06b_post|external_qwen3_embedding_06b_pre|external_splade_cocondenser_ensembledistil_post|bm25_post|external_splade_cocondenser_ensembledistil_post|external_qwen3_embedding_06b_pre|external_splade_cocondenser_ensembledistil_post|external_qwen3_embedding_06b_pre|external_splade_cocondenser_ensembledistil_post|external_qwen3_embedding_06b_pre|external_qwen3_embedding_06b_pre,True
selection,True,120.0,31,12,1608,489,488,3.293841996723966,0.7158780556144253,0.013059701492537313,0.6007078348120236,0.04788557213930348,0.633563978940921,0.19713930348258707,external_splade_cocondenser_ensembledistil_post|external_qwen3_embedding_06b_post|external_qwen3_embedding_06b_pre|external_splade_cocondenser_ensembledistil_post|bm25_post|external_splade_cocondenser_ensembledistil_post|external_qwen3_embedding_06b_pre|external_splade_cocondenser_ensembledistil_post|external_qwen3_embedding_06b_pre|external_splade_cocondenser_ensembledistil_post|external_qwen3_embedding_06b_pre|external_qwen3_embedding_06b_pre,True
as-released,False,160.0,13,12,1557,514,514,3.493765832155034,0.6891671173998108,0.002569043031470777,0.6321043654829314,0.0019267822736030828,0.6403948127943918,0.2029543994861914,external_qwen3_embedding_06b_pre|external_qwen3_embedding_06b_post|external_splade_cocondenser_ensembledistil_post|external_qwen3_embedding_06b_post|external_qwen3_embedding_06b_post|external_qwen3_embedding_06b_post|external_qwen3_embedding_06b_post|external_splade_cocondenser_ensembledistil_post|external_splade_cocondenser_ensembledistil_post|external_qwen3_embedding_06b_post|bm25_post|bm25_post,True
union,True,160.0,13,12,1557,514,514,3.493765832155034,0.736688183110403,0.002569043031470777,0.6321043654829314,0.0019267822736030828,0.6403948127943918,0.2029543994861914,external_qwen3_embedding_06b_pre|external_qwen3_embedding_06b_post|external_splade_cocondenser_ensembledistil_post|external_qwen3_embedding_06b_post|external_qwen3_embedding_06b_post|external_qwen3_embedding_06b_post|external_qwen3_embedding_06b_post|external_splade_cocondenser_ensembledistil_post|external_splade_cocondenser_ensembledistil_post|external_qwen3_embedding_06b_post|bm25_post|bm25_post,True
selection,True,160.0,13,12,1557,514,514,3.493765832155034,0.729495915571117,0.002569043031470777,0.6120827914531785,0.0019267822736030828,0.6403948127943918,0.2029543994861914,external_splade_cocondenser_ensembledistil_post|external_qwen3_embedding_06b_post|external_splade_cocondenser_ensembledistil_post|external_qwen3_embedding_06b_post|external_qwen3_embedding_06b_post|external_qwen3_embedding_06b_post|external_qwen3_embedding_06b_post|external_qwen3_embedding_06b_post|external_splade_cocondenser_ensembledistil_post|external_qwen3_embedding_06b_post|bm25_post|bm25_post,True
as-released,False,160.0,17,12,1549,518,518,3.337436939420255,0.7558408647711001,0.001936733376371853,0.6258025892181458,0.0032278889606197547,0.6285701501094293,0.0,rerank_depth_100|external_qwen3_embedding_06b_post|external_qwen3_embedding_06b_post|external_qwen3_embedding_06b_post|external_splade_cocondenser_ensembledistil_post|bm25_post|dense_e5_base_v2_post|external_qwen3_embedding_06b_pre|external_qwen3_embedding_06b_pre|external_qwen3_embedding_06b_post|rrf_dense_e5_base_v2_pre|external_qwen3_embedding_06b_post,True
union,True,160.0,17,12,1549,518,518,3.337436939420255,0.7858706084262663,0.001936733376371853,0.6258025892181458,0.0032278889606197547,0.6285701501094293,0.0,rerank_depth_100|external_qwen3_embedding_06b_post|external_qwen3_embedding_06b_post|external_qwen3_embedding_06b_post|external_splade_cocondenser_ensembledistil_post|bm25_post|dense_e5_base_v2_post|external_qwen3_embedding_06b_pre|external_qwen3_embedding_06b_pre|external_qwen3_embedding_06b_post|rrf_dense_e5_base_v2_pre|external_qwen3_embedding_06b_post,True
selection,True,160.0,17,12,1549,518,518,3.337436939420255,0.7558408647711001,0.001936733376371853,0.6020370601814642,0.0032278889606197547,0.6285701501094293,0.20464816010329245,rerank_depth_100|external_qwen3_embedding_06b_post|external_qwen3_embedding_06b_post|external_qwen3_embedding_06b_post|external_splade_cocondenser_ensembledistil_post|bm25_post|dense_e5_base_v2_post|external_qwen3_embedding_06b_pre|external_splade_cocondenser_ensembledistil_post|external_qwen3_embedding_06b_post|rrf_dense_e5_base_v2_pre|external_qwen3_embedding_06b_post,True
as-released,False,160.0,23,12,1585,500,500,3.5641601491684276,0.7415977809895264,0.0018927444794952682,0.636807440009165,0.0031545741324921135,0.6368129297149656,0.0,external_qwen3_embedding_06b_post|external_qwen3_embedding_06b_post|external_splade_cocondenser_ensembledistil_post|external_qwen3_embedding_06b_pre|rrf_dense_e5_base_v2_pre|bm25_post|external_splade_cocondenser_ensembledistil_post|external_qwen3_embedding_06b_post|rerank_depth_100|external_qwen3_embedding_06b_post|external_qwen3_embedding_06b_post|external_qwen3_embedding_06b_post,True
union,True,160.0,23,12,1585,500,500,3.5641601491684276,0.7627774453406396,0.0018927444794952682,0.636807440009165,0.0031545741324921135,0.6368129297149656,0.0,external_qwen3_embedding_06b_post|external_qwen3_embedding_06b_post|external_splade_cocondenser_ensembledistil_post|external_qwen3_embedding_06b_pre|rrf_dense_e5_base_v2_pre|bm25_post|external_splade_cocondenser_ensembledistil_post|external_qwen3_embedding_06b_post|rerank_depth_100|external_qwen3_embedding_06b_post|external_qwen3_embedding_06b_post|external_qwen3_embedding_06b_post,True
selection,True,160.0,23,12,1585,500,500,3.5641601491684276,0.7415977809895264,0.0018927444794952682,0.636807440009165,0.0031545741324921135,0.6368129297149656,0.0,external_qwen3_embedding_06b_post|external_qwen3_embedding_06b_post|external_splade_cocondenser_ensembledistil_post|external_qwen3_embedding_06b_pre|rrf_dense_e5_base_v2_pre|bm25_post|external_splade_cocondenser_ensembledistil_post|external_qwen3_embedding_06b_post|rerank_depth_100|external_qwen3_embedding_06b_post|external_qwen3_embedding_06b_post|external_qwen3_embedding_06b_post,True
as-released,False,160.0,29,12,1584,501,500,3.454014968066795,0.7015028053185455,0.0025252525252525255,0.6395596916822083,0.0031565656565656565,0.6409832478797257,0.0,external_qwen3_embedding_06b_post|external_splade_cocondenser_ensembledistil_post|external_splade_cocondenser_ensembledistil_post|external_qwen3_embedding_06b_post|external_qwen3_embedding_06b_post|external_splade_cocondenser_ensembledistil_post|bm25_post|external_qwen3_embedding_06b_post|external_qwen3_embedding_06b_pre|external_qwen3_embedding_06b_post|external_qwen3_embedding_06b_pre|external_qwen3_embedding_06b_post,True
union,True,160.0,29,12,1584,501,500,3.454014968066795,0.7483676882814232,0.0025252525252525255,0.6395596916822083,0.0031565656565656565,0.6409832478797257,0.0,external_qwen3_embedding_06b_post|external_splade_cocondenser_ensembledistil_post|external_splade_cocondenser_ensembledistil_post|external_qwen3_embedding_06b_post|external_qwen3_embedding_06b_post|external_splade_cocondenser_ensembledistil_post|bm25_post|external_qwen3_embedding_06b_post|external_qwen3_embedding_06b_pre|external_qwen3_embedding_06b_post|external_qwen3_embedding_06b_pre|external_qwen3_embedding_06b_post,True
selection,True,160.0,29,12,1584,501,500,3.454014968066795,0.7015028053185455,0.0025252525252525255,0.6395596916822083,0.0031565656565656565,0.6409832478797257,0.0,external_qwen3_embedding_06b_post|external_splade_cocondenser_ensembledistil_post|external_splade_cocondenser_ensembledistil_post|external_qwen3_embedding_06b_post|external_qwen3_embedding_06b_post|external_splade_cocondenser_ensembledistil_post|bm25_post|external_qwen3_embedding_06b_post|external_qwen3_embedding_06b_pre|external_qwen3_embedding_06b_post|external_qwen3_embedding_06b_pre|external_qwen3_embedding_06b_post,True
as-released,False,160.0,31,12,1608,489,488,3.293841996723966,0.7158780556144253,0.0018656716417910447,0.6282023680653378,0.003109452736318408,0.633563978940921,0.0,external_qwen3_embedding_06b_post|external_qwen3_embedding_06b_post|external_qwen3_embedding_06b_post|external_splade_cocondenser_ensembledistil_post|bm25_post|external_splade_cocondenser_ensembledistil_post|external_qwen3_embedding_06b_post|external_qwen3_embedding_06b_post|external_qwen3_embedding_06b_post|external_qwen3_embedding_06b_post|external_qwen3_embedding_06b_pre|external_qwen3_embedding_06b_post,True
union,True,160.0,31,12,1608,489,488,3.293841996723966,0.7601693493396584,0.0018656716417910447,0.6282023680653378,0.003109452736318408,0.633563978940921,0.0,external_qwen3_embedding_06b_post|external_qwen3_embedding_06b_post|external_qwen3_embedding_06b_post|external_splade_cocondenser_ensembledistil_post|bm25_post|external_splade_cocondenser_ensembledistil_post|external_qwen3_embedding_06b_post|external_qwen3_embedding_06b_post|external_qwen3_embedding_06b_post|external_qwen3_embedding_06b_post|external_qwen3_embedding_06b_pre|external_qwen3_embedding_06b_post,True
selection,True,160.0,31,12,1608,489,488,3.293841996723966,0.7158780556144253,0.0018656716417910447,0.6282023680653378,0.003109452736318408,0.633563978940921,0.0,external_qwen3_embedding_06b_post|external_qwen3_embedding_06b_post|external_qwen3_embedding_06b_post|external_splade_cocondenser_ensembledistil_post|bm25_post|external_splade_cocondenser_ensembledistil_post|external_qwen3_embedding_06b_post|external_qwen3_embedding_06b_post|external_qwen3_embedding_06b_post|external_qwen3_embedding_06b_post|external_qwen3_embedding_06b_pre|external_qwen3_embedding_06b_post,True
