dataset,budget_ms,seed,method,certificate,eb-nocorrection,point-estimate,posthoc-oracle,realized,ndcg10
pooled,80.0,13,CWC,0.08309603101725622,0.05324396387453509,0.004242982041204211,0.0031023784901758012,0.0031023784901758012,0.5763244839615206
pooled,80.0,13,StaticBest-cal,0.1645742381128294,0.13436656014655565,0.06186608675866148,0.0631507469443187,0.0631507469443187,0.5975546649437862
pooled,80.0,13,CostGreedy-cal,0.1645742381128294,0.13436656014655565,0.06186608675866148,0.0631507469443187,0.0631507469443187,0.5975546649437862
pooled,80.0,13,Static-Qwen3,0.1645742381128294,0.13436656014655565,0.06186608675866148,0.0631507469443187,0.0631507469443187,0.5975546649437862
pooled,80.0,13,Static-SPLADE,0.07878552558097987,0.05201321836933044,0.003932220239838805,0.002716161158895428,0.002716161158895428,0.5496473642904863
pooled,80.0,13,Static-ColBERTv2,0.8069267215961413,0.6687612166813675,0.5858755021911802,0.8756527415143603,0.8756527415143603,0.6250833723695731
pooled,80.0,13,Static-E5,0.06664217385723484,0.03986986664558542,0.0,0.001358080579447714,0.001358080579447714,0.40990248148065617
pooled,80.0,17,CWC,0.08697389729432847,0.04710565414458998,0.002215075931563416,0.004966887417218543,0.004966887417218543,0.4667347466311702
pooled,80.0,17,StaticBest-cal,0.17693486339958797,0.12719630980708693,0.05515656722291466,0.06231655001128923,0.06231655001128923,0.6027899010537734
pooled,80.0,17,CostGreedy-cal,0.17693486339958797,0.12719630980708693,0.05515656722291466,0.06231655001128923,0.06231655001128923,0.6027899010537734
pooled,80.0,17,Static-Qwen3,0.17693486339958797,0.12719630980708693,0.05515656722291466,0.06231655001128923,0.06231655001128923,0.6027899010537734
pooled,80.0,17,Static-SPLADE,0.08063051878243863,0.04581719779569708,0.0018897422096286968,0.002935199819372319,0.002935199819372319,0.5518966146469927
pooled,80.0,17,Static-ColBERTv2,0.8711129565310703,0.6785452571018399,0.5944089318555055,0.8795997417688831,0.8795997417688831,0.6243242048096022
pooled,80.0,17,Static-E5,0.07314635657113375,0.0383330355843922,0.0,0.0013547076089410702,0.0013547076089410702,0.4144568536298275
pooled,80.0,23,CWC,0.0823011886544745,0.04073838226158702,0.0003200173756726719,0.0035998971457958345,0.0035998971457958345,0.5795983000725875
pooled,80.0,23,StaticBest-cal,0.15824481275077226,0.11723933695696728,0.047369882300432285,0.06642728904847396,0.06642728904847396,0.6033802694559807
pooled,80.0,23,CostGreedy-cal,0.15824481275077226,0.11723933695696728,0.047369882300432285,0.06642728904847396,0.06642728904847396,0.6033802694559807
pooled,80.0,23,Static-Qwen3,0.15824481275077226,0.11723933695696728,0.047369882300432285,0.06642728904847396,0.06642728904847396,0.6033802694559807
pooled,80.0,23,Static-SPLADE,0.07498999066182435,0.03947098084685069,0.0,0.0031418312387791743,0.0031418312387791743,0.5510370778026369
pooled,80.0,23,Static-ColBERTv2,0.8600554118581054,0.6643893793784073,0.581478089362343,0.8791707159054097,0.8791707159054097,0.629417372721652
pooled,80.0,23,Static-E5,0.08282460751822315,0.0473055977032495,0.0019782315978456016,0.0011220825852782765,0.0011220825852782765,0.4111601625104104
pooled,80.0,29,CWC,0.06495153521895229,0.038583857458070546,0.0003285597752197952,0.0008329862557267805,0.0008329862557267805,0.4519188524467854
pooled,80.0,29,StaticBest-cal,0.16058326791505964,0.1305653174811607,0.06065362025791534,0.06350267379679145,0.06350267379679145,0.6016832613249051
pooled,80.0,29,CostGreedy-cal,0.16058326791505964,0.1305653174811607,0.06065362025791534,0.06350267379679145,0.06350267379679145,0.6016832613249051
pooled,80.0,29,Static-Qwen3,0.16058326791505964,0.1305653174811607,0.06065362025791534,0.06350267379679145,0.06350267379679145,0.6016832613249051
pooled,80.0,29,Static-SPLADE,0.06070204286977261,0.0372826246013742,0.0,0.002896613190730838,0.002896613190730838,0.5499985042858595
pooled,80.0,29,Static-ColBERTv2,0.8037900328510023,0.6659285783455725,0.5889693942267453,0.8704713049054184,0.8704713049054184,0.6295495865803189
pooled,80.0,29,Static-E5,0.06898329637162662,0.04133543555555869,0.001023330028336286,0.0011140819964349377,0.0011140819964349377,0.41143009898642613
pooled,80.0,31,CWC,0.13187071173535575,0.08646763504291718,0.022268459546916915,0.02889405513118565,0.02889405513118565,0.6822013411235882
pooled,80.0,31,StaticBest-cal,0.18419993714920335,0.1355471151013673,0.05911148542095278,0.060989383329568554,0.060989383329568554,0.5989283532071419
pooled,80.0,31,CostGreedy-cal,0.18419993714920335,0.1355471151013673,0.05911148542095278,0.060989383329568554,0.060989383329568554,0.5989283532071419
pooled,80.0,31,Static-Qwen3,0.18419993714920335,0.1355471151013673,0.05911148542095278,0.060989383329568554,0.060989383329568554,0.5989283532071419
pooled,80.0,31,Static-SPLADE,0.08162200699293612,0.048542219699225016,0.0019232941217355044,0.002484752654167608,0.002484752654167608,0.549426507394236
pooled,80.0,31,Static-ColBERTv2,0.8227780482300686,0.6599825187312953,0.5787039737674873,0.887240356083086,0.887240356083086,0.6277111532948136
pooled,80.0,31,Static-E5,0.07400496530662808,0.04092517801291697,0.0,0.00112943302462164,0.00112943302462164,0.41180990660839883
pooled,80.0,37,CWC,0.07806808166560349,0.04862875201880534,0.0023779592896614804,0.005409904286308781,0.005409904286308781,0.4632994733541753
pooled,80.0,37,StaticBest-cal,0.19568955997817938,0.16121186904989948,0.08305634564302673,0.06029477445288075,0.06029477445288075,0.5975638461989632
pooled,80.0,37,CostGreedy-cal,0.19568955997817938,0.16121186904989948,0.08305634564302673,0.06029477445288075,0.06029477445288075,0.5975638461989632
pooled,80.0,37,Static-Qwen3,0.19568955997817938,0.16121186904989948,0.08305634564302673,0.06029477445288075,0.06029477445288075,0.5975638461989632
pooled,80.0,37,Static-SPLADE,0.07368638828366159,0.04729324849972661,0.0020407462122513484,0.0029030817329164806,0.0029030817329164806,0.5475296555310069
pooled,80.0,37,Static-ColBERTv2,0.79952721742343,0.6630145771112878,0.5790710635913691,0.8815274151436031,0.8815274151436031,0.6265938010207986
pooled,80.0,37,Static-E5,0.06560418764974757,0.03921104786581261,0.0,0.0013398838767306833,0.0013398838767306833,0.4109913406198984
pooled,80.0,41,CWC,0.10238376684441503,0.05816680804111501,0.006435586215059479,0.012091587342423462,0.012091587342423462,0.555118308197831
pooled,80.0,41,StaticBest-cal,0.19582954462908453,0.1516125858257845,0.07474971830324255,0.06265439029867505,0.06265439029867505,0.6004658688235281
pooled,80.0,41,CostGreedy-cal,0.19582954462908453,0.1516125858257845,0.07474971830324255,0.06265439029867505,0.06265439029867505,0.6004658688235281
pooled,80.0,41,Static-Qwen3,0.19582954462908453,0.1516125858257845,0.07474971830324255,0.06265439029867505,0.06265439029867505,0.6004658688235281
pooled,80.0,41,Static-SPLADE,0.08505340248068473,0.05162698792014492,0.0036926557885504367,0.0020211093644733886,0.0020211093644733886,0.5500334593415651
pooled,80.0,41,Static-ColBERTv2,0.8219619191885198,0.6509247813593747,0.56981778240185,0.8762487914921044,0.8762487914921044,0.6193846428356592
pooled,80.0,41,Static-E5,0.08097354374916486,0.04385780047057346,0.0009178516641568523,0.0008982708286548395,0.0008982708286548395,0.40851633677508015
pooled,80.0,43,CWC,0.07434046823521076,0.03852746313401503,0.0003158181645809632,0.005937234944868533,0.005937234944868533,0.4698879746047892
pooled,80.0,43,StaticBest-cal,0.13717007799071687,0.10198682818640764,0.03839124608861578,0.06666666666666667,0.06666666666666667,0.5988813430286787
pooled,80.0,43,CostGreedy-cal,0.13717007799071687,0.10198682818640764,0.03839124608861578,0.06666666666666667,0.06666666666666667,0.5988813430286787
pooled,80.0,43,Static-Qwen3,0.13717007799071687,0.10198682818640764,0.03839124608861578,0.06666666666666667,0.06666666666666667,0.5988813430286787
pooled,80.0,43,Static-SPLADE,0.06902410567497427,0.037276692335248295,0.0,0.0031854379977246873,0.0031854379977246873,0.5507624934868395
pooled,80.0,43,Static-ColBERTv2,0.8577870808502701,0.6889747546631293,0.6067567752498622,0.8827971109652003,0.8827971109652003,0.625248229078863
pooled,80.0,43,Static-E5,0.07989705501720618,0.042787246801250345,0.0017830288076219978,0.0006825938566552901,0.0006825938566552901,0.4082917386584231
pooled,80.0,47,CWC,0.10253404192482725,0.05247770029524547,0.003868306017321588,0.011184544992374174,0.011184544992374174,0.5636818963632844
pooled,80.0,47,StaticBest-cal,0.1711361099205932,0.12107976829101141,0.051247255725443856,0.06601466992665037,0.06601466992665037,0.6050499749370174
pooled,80.0,47,CostGreedy-cal,0.1711361099205932,0.12107976829101141,0.051247255725443856,0.06601466992665037,0.06601466992665037,0.6050499749370174
pooled,80.0,47,Static-Qwen3,0.1711361099205932,0.12107976829101141,0.051247255725443856,0.06601466992665037,0.06601466992665037,0.6050499749370174
pooled,80.0,47,Static-SPLADE,0.09825253773681625,0.05423078550202223,0.005685473964974673,0.002222716159146477,0.002222716159146477,0.5569021126922015
pooled,80.0,47,Static-ColBERTv2,0.8458351405877808,0.6566605807520739,0.5808411747614213,0.8752387014640356,0.8752387014640356,0.6324639371003119
pooled,80.0,47,Static-E5,0.0828963062371372,0.038874554002343194,0.0,0.0011113580795732384,0.0011113580795732384,0.4144105309794564
pooled,80.0,53,CWC,0.08730187924404396,0.04170647855314606,0.0009347142007651258,0.0015814443858724301,0.0015814443858724301,0.42000574937442975
pooled,80.0,53,StaticBest-cal,0.1817702750881872,0.11884294147691582,0.048036644529797,0.06441297396071266,0.06441297396071266,0.5944693351916325
pooled,80.0,53,CostGreedy-cal,0.1817702750881872,0.11884294147691582,0.048036644529797,0.06441297396071266,0.06441297396071266,0.5944693351916325
pooled,80.0,53,Static-Qwen3,0.1817702750881872,0.11884294147691582,0.048036644529797,0.06441297396071266,0.06441297396071266,0.5944693351916325
pooled,80.0,53,Static-SPLADE,0.09454719342866737,0.04895179273776948,0.0027641475628618043,0.002055733211512106,0.002055733211512106,0.546974922667482
pooled,80.0,53,Static-ColBERTv2,0.886380026851874,0.6929704400543444,0.6145289119317042,0.877625875291764,0.877625875291764,0.6250992667040866
pooled,80.0,53,Static-E5,0.08730187924404396,0.04170647855314606,0.0009347142007651258,0.0011420740063956144,0.0011420740063956144,0.40717860801108785
pooled,120.0,13,CWC,0.07878552558097987,0.05201321836933044,0.003932220239838805,0.0032948929159802307,0.0032948929159802307,0.6738446872606038
pooled,120.0,13,StaticBest-cal,0.11255799171132919,0.08578568449967977,0.025559431558952236,0.01607062019013128,0.01607062019013128,0.5975546649437862
pooled,120.0,13,CostGreedy-cal,0.14273783954015495,0.09440270461766713,0.030531620380798735,0.023087369850611137,0.023087369850611137,0.5975546649437862
pooled,120.0,13,Static-Qwen3,0.11255799171132919,0.08578568449967977,0.025559431558952236,0.01607062019013128,0.01607062019013128,0.5975546649437862
pooled,120.0,13,Static-SPLADE,0.06664217385723484,0.03986986664558542,0.0,0.00022634676324128565,0.00022634676324128565,0.5496473642904863
pooled,120.0,13,Static-ColBERTv2,0.7018296632475614,0.5937050422927705,0.5127050628320928,0.7604438642297651,0.7604438642297651,0.6250833723695731
pooled,120.0,13,Static-E5,0.06664217385723484,0.03986986664558542,0.0,0.0,0.0,0.40990248148065617
pooled,120.0,17,CWC,0.08481868575935286,0.050005364772611326,0.0037794844192573936,0.005025125628140704,0.005025125628140704,0.520138576142008
pooled,120.0,17,StaticBest-cal,0.10722535099375413,0.06959808590412282,0.014098910497168484,0.01535335290133213,0.01535335290133213,0.6027899010537734
pooled,120.0,17,CostGreedy-cal,0.14500681936327817,0.0772721940627272,0.018328248882319834,0.022352675547527658,0.022352675547527658,0.6027899010537734
pooled,120.0,17,Static-Qwen3,0.10722535099375413,0.06959808590412282,0.014098910497168484,0.01535335290133213,0.01535335290133213,0.6027899010537734
pooled,120.0,17,Static-SPLADE,0.07314635657113375,0.0383330355843922,0.0,0.00022578460149017836,0.00022578460149017836,0.5518966146469927
pooled,120.0,17,Static-ColBERTv2,0.7177906466549161,0.5779241431835698,0.49628431190326544,0.7695287282117496,0.7695287282117496,0.6243242048096022
pooled,120.0,17,Static-E5,0.07314635657113375,0.0383330355843922,0.0,0.0,0.0,0.4144568536298275
pooled,120.0,23,CWC,0.07498999066182435,0.03947098084685069,0.0,0.0005142710208279763,0.0005142710208279763,0.615638261397966
pooled,120.0,23,StaticBest-cal,0.09101714090492635,0.05549813108995269,0.005934694793536804,0.018402154398563735,0.018402154398563735,0.6033802694559807
pooled,120.0,23,CostGreedy-cal,0.13456788988247448,0.06304768465456129,0.010094920677281538,0.026481149012567325,0.026481149012567325,0.6033802694559807
pooled,120.0,23,Static-Qwen3,0.09101714090492635,0.05549813108995269,0.005934694793536804,0.018402154398563735,0.018402154398563735,0.6033802694559807
pooled,120.0,23,Static-SPLADE,0.07498999066182435,0.03947098084685069,0.0,0.0002244165170556553,0.0002244165170556553,0.5510370778026369
pooled,120.0,23,Static-ColBERTv2,0.7795719557784223,0.5914467326354079,0.5107560992586204,0.7648202137998056,0.7648202137998056,0.629417372721652
pooled,120.0,23,Static-E5,0.07498999066182435,0.03947098084685069,0.0,0.0,0.0,0.4111601625104104
pooled,120.0,29,CWC,0.06070204286977261,0.0372826246013742,0.0,0.0006309148264984228,0.0006309148264984228,0.5302636793288503
pooled,120.0,29,StaticBest-cal,0.08766383610112122,0.06424441783272279,0.012820272544021854,0.016711229946524065,0.016711229946524065,0.6016832613249051
pooled,120.0,29,CostGreedy-cal,0.12173307684369873,0.07467672640376836,0.01906290827319796,0.023618538324420676,0.023618538324420676,0.6016832613249051
pooled,120.0,29,Static-Qwen3,0.08766383610112122,0.06424441783272279,0.012820272544021854,0.016711229946524065,0.016711229946524065,0.6016832613249051
pooled,120.0,29,Static-SPLADE,0.06070204286977261,0.0372826246013742,0.0,0.0002228163992869875,0.0002228163992869875,0.5499985042858595
pooled,120.0,29,Static-ColBERTv2,0.6875299545653095,0.5840688151847603,0.5088656769999084,0.75825585123437,0.75825585123437,0.6295495865803189
pooled,120.0,29,Static-E5,0.06070204286977261,0.0372826246013742,0.0,0.0,0.0,0.41143009898642613
pooled,120.0,31,CWC,0.08214727501434166,0.04485296843553127,0.0009917624902594756,0.0036532713384257723,0.0036532713384257723,0.6822013411235882
pooled,120.0,31,StaticBest-cal,0.11045464623229456,0.07316033965348417,0.014454821342408004,0.015360289134854304,0.015360289134854304,0.5989283532071419
pooled,120.0,31,CostGreedy-cal,0.14901390857722865,0.08349460186665059,0.02076401012469492,0.02145922746781116,0.02145922746781116,0.5989283532071419
pooled,120.0,31,Static-Qwen3,0.11045464623229456,0.07316033965348417,0.014454821342408004,0.015360289134854304,0.015360289134854304,0.5989283532071419
pooled,120.0,31,Static-SPLADE,0.07400496530662808,0.04092517801291697,0.0,0.00022588660492432798,0.00022588660492432798,0.549426507394236
pooled,120.0,31,Static-ColBERTv2,0.7164700969168074,0.5977622469036468,0.517503480812871,0.7734915924826904,0.7734915924826904,0.6277111532948136
pooled,120.0,31,Static-E5,0.07400496530662808,0.04092517801291697,0.0,0.0,0.0,0.41180990660839883
pooled,120.0,37,CWC,0.06560418764974757,0.03921104786581261,0.0,0.006397952655150352,0.006397952655150352,0.5214479668410552
pooled,120.0,37,StaticBest-cal,0.0987068533545486,0.07231371357061361,0.016325969698010787,0.016971862438588656,0.016971862438588656,0.5975638461989632
pooled,120.0,37,CostGreedy-cal,0.13674751564035964,0.0839081894780699,0.023407444323623555,0.022108083966056274,0.022108083966056274,0.5975638461989632
pooled,120.0,37,Static-Qwen3,0.0987068533545486,0.07231371357061361,0.016325969698010787,0.016971862438588656,0.016971862438588656,0.5975638461989632
pooled,120.0,37,Static-SPLADE,0.06560418764974757,0.03921104786581261,0.0,0.00022331397945511388,0.00022331397945511388,0.5475296555310069
pooled,120.0,37,Static-ColBERTv2,0.7110328918479584,0.6067553419128816,0.5220742261740556,0.7630548302872062,0.7630548302872062,0.6265938010207986
pooled,120.0,37,Static-E5,0.06560418764974757,0.03921104786581261,0.0,0.0,0.0,0.4109913406198984
pooled,120.0,41,CWC,0.07364914210663448,0.04022272754609466,0.0,0.0009759271307742355,0.0009759271307742355,0.675324732799017
pooled,120.0,41,StaticBest-cal,0.11423933768686445,0.08081292312632464,0.02215593473130262,0.01571973950145969,0.01571973950145969,0.6004658688235281
pooled,120.0,41,CostGreedy-cal,0.1466033731828663,0.08896382460408908,0.026723712439841955,0.021558499887716145,0.021558499887716145,0.6004658688235281
pooled,120.0,41,Static-Qwen3,0.11423933768686445,0.08081292312632464,0.02215593473130262,0.01571973950145969,0.01571973950145969,0.6004658688235281
pooled,120.0,41,Static-SPLADE,0.07364914210663448,0.04022272754609466,0.0,0.00022456770716370987,0.00022456770716370987,0.5500334593415651
pooled,120.0,41,Static-ColBERTv2,0.7090881438234343,0.5863516399674282,0.5065713598336248,0.7608765710602643,0.7608765710602643,0.6193846428356592
pooled,120.0,41,Static-E5,0.07364914210663448,0.04022272754609466,0.0,0.0,0.0,0.40851633677508015
pooled,120.0,43,CWC,0.08060538290683925,0.048857969567113274,0.003749973168480477,0.005208333333333333,0.005208333333333333,0.527154054848464
pooled,120.0,43,StaticBest-cal,0.09069265382347012,0.058945240483744145,0.009374932921201194,0.01683731513083049,0.01683731513083049,0.5988813430286787
pooled,120.0,43,CostGreedy-cal,0.12972640149837378,0.06812863819317855,0.014743841719077569,0.0229806598407281,0.0229806598407281,0.5988813430286787
pooled,120.0,43,Static-Qwen3,0.09069265382347012,0.058945240483744145,0.009374932921201194,0.01683731513083049,0.01683731513083049,0.5988813430286787
pooled,120.0,43,Static-SPLADE,0.06902410567497427,0.037276692335248295,0.0,0.00022753128555176336,0.00022753128555176336,0.5507624934868395
pooled,120.0,43,Static-ColBERTv2,0.7134789528534081,0.590435174867487,0.5089331103382823,0.7741300065659882,0.7741300065659882,0.625248229078863
pooled,120.0,43,Static-E5,0.06902410567497427,0.037276692335248295,0.0,0.0,0.0,0.4082917386584231
pooled,120.0,47,CWC,0.09040191717624015,0.04638016494144614,0.0018951579883248909,0.0035335689045936395,0.0035335689045936395,0.6840612625186666
pooled,120.0,47,StaticBest-cal,0.1192016144942637,0.07517986225946968,0.018951579883248908,0.01644809957768393,0.01644809957768393,0.6050499749370174
pooled,120.0,47,CostGreedy-cal,0.17928969314487112,0.08328376526348875,0.023493019574908135,0.02511669259835519,0.02511669259835519,0.6050499749370174
pooled,120.0,47,Static-Qwen3,0.1192016144942637,0.07517986225946968,0.018951579883248908,0.01644809957768393,0.01644809957768393,0.6050499749370174
pooled,120.0,47,Static-SPLADE,0.0828963062371372,0.038874554002343194,0.0,0.0002222716159146477,0.0002222716159146477,0.5569021126922015
pooled,120.0,47,Static-ColBERTv2,0.7944164052486306,0.5883928210113981,0.5129261114726426,0.7635264162953532,0.7635264162953532,0.6324639371003119
pooled,120.0,47,Static-E5,0.0828963062371372,0.038874554002343194,0.0,0.0,0.0,0.4144105309794564
pooled,120.0,53,CWC,0.08056073710341548,0.03800462299629162,0.0,0.0005271481286241434,0.0005271481286241434,0.6136877345179474
pooled,120.0,53,StaticBest-cal,0.09538588539267952,0.052829771285555646,0.005488300086290036,0.017816354499771585,0.017816354499771585,0.5944693351916325
pooled,120.0,53,CostGreedy-cal,0.1683790104735911,0.06271916242555012,0.011404842279722298,0.024440383736866148,0.024440383736866148,0.5944693351916325
pooled,120.0,53,Static-Qwen3,0.09538588539267952,0.052829771285555646,0.005488300086290036,0.017816354499771585,0.017816354499771585,0.5944693351916325
pooled,120.0,53,Static-SPLADE,0.08730187924404396,0.04170647855314606,0.0009347142007651258,0.0,0.0,0.546974922667482
pooled,120.0,53,Static-ColBERTv2,0.8238259055259463,0.6152584341826454,0.5367926749956347,0.7659219739913304,0.7659219739913304,0.6250992667040866
pooled,120.0,53,Static-E5,0.08056073710341548,0.03800462299629162,0.0,0.0,0.0,0.40717860801108785
pooled,160.0,13,CWC,0.06664217385723484,0.03986986664558542,0.0,0.0,0.0,0.6738446872606038
pooled,160.0,13,StaticBest-cal,0.07878552558097987,0.05201321836933044,0.003932220239838805,0.0009053870529651426,0.0009053870529651426,0.5975546649437862
pooled,160.0,13,CostGreedy-cal,0.08309603101725622,0.05324396387453509,0.004242982041204211,0.0018107741059302852,0.0018107741059302852,0.5975546649437862
pooled,160.0,13,Static-Qwen3,0.07878552558097987,0.05201321836933044,0.003932220239838805,0.0009053870529651426,0.0009053870529651426,0.5975546649437862
pooled,160.0,13,Static-SPLADE,0.06664217385723484,0.03986986664558542,0.0,0.0,0.0,0.5496473642904863
pooled,160.0,13,Static-ColBERTv2,0.6355772958392201,0.5455711187956389,0.4657734998119997,0.6651436031331592,0.6651436031331592,0.6250833723695731
pooled,160.0,13,Static-E5,0.06664217385723484,0.03986986664558542,0.0,0.0,0.0,0.40990248148065617
pooled,160.0,17,CWC,0.07314635657113375,0.0383330355843922,0.0,0.0,0.0,0.520138576142008
pooled,160.0,17,StaticBest-cal,0.07314635657113375,0.0383330355843922,0.0,0.0015804922104312486,0.0015804922104312486,0.6027899010537734
pooled,160.0,17,CostGreedy-cal,0.08305103999312735,0.040344858182542645,0.0006506674438694383,0.002257846014901784,0.002257846014901784,0.6027899010537734
pooled,160.0,17,Static-Qwen3,0.07314635657113375,0.0383330355843922,0.0,0.0015804922104312486,0.0015804922104312486,0.6027899010537734
pooled,160.0,17,Static-SPLADE,0.07314635657113375,0.0383330355843922,0.0,0.0,0.0,0.5518966146469927
pooled,160.0,17,Static-ColBERTv2,0.616510364015213,0.4951562765175065,0.4221178754967883,0.6823757262750162,0.6823757262750162,0.6243242048096022
pooled,160.0,17,Static-E5,0.07314635657113375,0.0383330355843922,0.0,0.0,0.0,0.4144568536298275
pooled,160.0,23,CWC,0.08282460751822315,0.0473055977032495,0.0019782315978456016,0.0015428130624839291,0.0015428130624839291,0.6290314872614609
pooled,160.0,23,StaticBest-cal,0.08282460751822315,0.0473055977032495,0.0019782315978456016,0.0013464991023339318,0.0013464991023339318,0.6033802694559807
pooled,160.0,23,CostGreedy-cal,0.09013580551087332,0.04857299911798582,0.0022982489735182735,0.0020197486535008975,0.0020197486535008975,0.6033802694559807
pooled,160.0,23,Static-Qwen3,0.08282460751822315,0.0473055977032495,0.0019782315978456016,0.0013464991023339318,0.0013464991023339318,0.6033802694559807
pooled,160.0,23,Static-SPLADE,0.07498999066182435,0.03947098084685069,0.0,0.0,0.0,0.5510370778026369
pooled,160.0,23,Static-ColBERTv2,0.6718900856014843,0.5193590022296682,0.44189248775749435,0.6767087787495951,0.6767087787495951,0.629417372721652
pooled,160.0,23,Static-E5,0.07498999066182435,0.03947098084685069,0.0,0.0,0.0,0.4111601625104104
pooled,160.0,29,CWC,0.06070204286977261,0.0372826246013742,0.0,0.0,0.0,0.5302636793288503
pooled,160.0,29,StaticBest-cal,0.0720146857220033,0.04859526745360487,0.003662935012577673,0.00089126559714795,0.00089126559714795,0.6016832613249051
pooled,160.0,29,CostGreedy-cal,0.0720146857220033,0.04859526745360487,0.003662935012577673,0.0015597147950089127,0.0015597147950089127,0.6016832613249051
pooled,160.0,29,Static-Qwen3,0.0720146857220033,0.04859526745360487,0.003662935012577673,0.00089126559714795,0.00089126559714795,0.6016832613249051
pooled,160.0,29,Static-SPLADE,0.06070204286977261,0.0372826246013742,0.0,0.0,0.0,0.5499985042858595
pooled,160.0,29,Static-ColBERTv2,0.6106149742443164,0.5251442089662037,0.4523599669217804,0.6732927220262904,0.6732927220262904,0.6295495865803189
pooled,160.0,29,Static-E5,0.06070204286977261,0.0372826246013742,0.0,0.0,0.0,0.41143009898642613
pooled,160.0,31,CWC,0.07400496530662808,0.04092517801291697,0.0,0.0,0.0,0.6822013411235882
pooled,160.0,31,StaticBest-cal,0.07400496530662808,0.04092517801291697,0.0,0.0009035464196973119,0.0009035464196973119,0.5989283532071419
pooled,160.0,31,CostGreedy-cal,0.07844456789752291,0.04211503524841431,0.0003004375610612817,0.0013553196295459679,0.0013553196295459679,0.5989283532071419
pooled,160.0,31,Static-Qwen3,0.07400496530662808,0.04092517801291697,0.0,0.0009035464196973119,0.0009035464196973119,0.5989283532071419
pooled,160.0,31,Static-SPLADE,0.07400496530662808,0.04092517801291697,0.0,0.0,0.0,0.549426507394236
pooled,160.0,31,Static-ColBERTv2,0.625255776519033,0.5206126567266595,0.4434032237852627,0.6857896472139795,0.6857896472139795,0.6277111532948136
pooled,160.0,31,Static-E5,0.07400496530662808,0.04092517801291697,0.0,0.0,0.0,0.41180990660839883
pooled,160.0,37,CWC,0.06560418764974757,0.03921104786581261,0.0,0.0,0.0,0.5214479668410552
pooled,160.0,37,StaticBest-cal,0.07368638828366159,0.04729324849972661,0.0020407462122513484,0.0011165698972755694,0.0011165698972755694,0.5975638461989632
pooled,160.0,37,CostGreedy-cal,0.07806808166560349,0.04862875201880534,0.0023779592896614804,0.001786511835640911,0.001786511835640911,0.5975638461989632
pooled,160.0,37,Static-Qwen3,0.07368638828366159,0.04729324849972661,0.0020407462122513484,0.0011165698972755694,0.0011165698972755694,0.5975638461989632
pooled,160.0,37,Static-SPLADE,0.06560418764974757,0.03921104786581261,0.0,0.0,0.0,0.5475296555310069
pooled,160.0,37,Static-ColBERTv2,0.6221410397713913,0.5324415547483783,0.45360515061166706,0.6759138381201044,0.6759138381201044,0.6265938010207986
pooled,160.0,37,Static-E5,0.06560418764974757,0.03921104786581261,0.0,0.0,0.0,0.4109913406198984
pooled,160.0,41,CWC,0.07364914210663448,0.04022272754609466,0.0,0.0,0.0,0.675324732799017
pooled,160.0,41,StaticBest-cal,0.08096136563934994,0.04753495107881013,0.0018463278942752184,0.0011228385358185494,0.0011228385358185494,0.6004658688235281
pooled,160.0,41,CostGreedy-cal,0.08096136563934994,0.04753495107881013,0.0018463278942752184,0.001796541657309679,0.001796541657309679,0.6004658688235281
pooled,160.0,41,Static-Qwen3,0.08096136563934994,0.04753495107881013,0.0018463278942752184,0.0011228385358185494,0.0011228385358185494,0.6004658688235281
pooled,160.0,41,Static-SPLADE,0.07364914210663448,0.04022272754609466,0.0,0.0,0.0,0.5500334593415651
pooled,160.0,41,Static-ColBERTv2,0.613509120494026,0.5178167464443835,0.44180276460558576,0.67547534643893,0.67547534643893,0.6193846428356592
pooled,160.0,41,Static-E5,0.07364914210663448,0.04022272754609466,0.0,0.0,0.0,0.40851633677508015
pooled,160.0,43,CWC,0.06902410567497427,0.037276692335248295,0.0,0.0,0.0,0.527154054848464
pooled,160.0,43,StaticBest-cal,0.07644982949538447,0.04470241615565849,0.0018749865842402386,0.0006825938566552901,0.0006825938566552901,0.5988813430286787
pooled,160.0,43,CostGreedy-cal,0.07644982949538447,0.04470241615565849,0.0018749865842402386,0.0013651877133105802,0.0013651877133105802,0.5988813430286787
pooled,160.0,43,Static-Qwen3,0.07644982949538447,0.04470241615565849,0.0018749865842402386,0.0006825938566552901,0.0006825938566552901,0.5988813430286787
pooled,160.0,43,Static-SPLADE,0.06902410567497427,0.037276692335248295,0.0,0.0,0.0,0.5507624934868395
pooled,160.0,43,Static-ColBERTv2,0.6436886557867487,0.5321238083191135,0.45617064615945163,0.6825344714379514,0.6825344714379514,0.625248229078863
pooled,160.0,43,Static-E5,0.06902410567497427,0.037276692335248295,0.0,0.0,0.0,0.4082917386584231
pooled,160.0,47,CWC,0.0828963062371372,0.038874554002343194,0.0,0.0,0.0,0.6840612625186666
pooled,160.0,47,StaticBest-cal,0.0828963062371372,0.038874554002343194,0.0,0.0013336296954878863,0.0013336296954878863,0.6050499749370174
pooled,160.0,47,CostGreedy-cal,0.0828963062371372,0.038874554002343194,0.0,0.002222716159146477,0.002222716159146477,0.6050499749370174
pooled,160.0,47,Static-Qwen3,0.0828963062371372,0.038874554002343194,0.0,0.0013336296954878863,0.0013336296954878863,0.6050499749370174
pooled,160.0,47,Static-SPLADE,0.0828963062371372,0.038874554002343194,0.0,0.0,0.0,0.5569021126922015
pooled,160.0,47,Static-ColBERTv2,0.7369457461762688,0.5213500312692598,0.4465199475964092,0.681413112667091,0.681413112667091,0.6324639371003119
pooled,160.0,47,Static-E5,0.0828963062371372,0.038874554002343194,0.0,0.0,0.0,0.4144105309794564
pooled,160.0,53,CWC,0.08056073710341548,0.03800462299629162,0.0,0.0,0.0,0.682899599667125
pooled,160.0,53,StaticBest-cal,0.0878060512880389,0.04524993718091504,0.0018294333620966785,0.0013704888076747374,0.0013704888076747374,0.5944693351916325
pooled,160.0,53,CostGreedy-cal,0.09690869190551991,0.046483198167799555,0.002140830319645745,0.002055733211512106,0.002055733211512106,0.5944693351916325
pooled,160.0,53,Static-Qwen3,0.0878060512880389,0.04524993718091504,0.0018294333620966785,0.0013704888076747374,0.0013704888076747374,0.5944693351916325
pooled,160.0,53,Static-SPLADE,0.08056073710341548,0.03800462299629162,0.0,0.0,0.0,0.546974922667482
pooled,160.0,53,Static-ColBERTv2,0.7691353645478161,0.545405599275704,0.4683244110045302,0.679893297765922,0.679893297765922,0.6250992667040866
pooled,160.0,53,Static-E5,0.08056073710341548,0.03800462299629162,0.0,0.0,0.0,0.40717860801108785
