drift_d,budget_ms,seed,policy,n_eval,violation,mean_ms,p95_ms,throughput_qps,ndcg10
0.0,80.0,13,BM25-only,1283,0.0,13.53189392902381,36.09306216239929,73.89948555945709,0.40093467905396707
0.0,80.0,13,Dense-only,1283,0.0,11.070757968872437,24.647267442196597,90.32805186525549,0.5372244307103361
0.0,80.0,13,Fixed-fusion(RRF),1283,0.005455962587685113,26.863875755536444,60.4170280341804,37.22471057788106,0.5130178886160094
0.0,80.0,13,Fixed-rerank@50,1283,0.028838659392049885,39.559908328137865,72.86119577190279,25.278117221741077,0.526709046866696
0.0,80.0,13,Fixed-rerank@100,1283,0.10054559625876851,53.86142040919788,89.06743232959508,18.566164657425755,0.526709046866696
0.0,80.0,13,SOTA-SPLADE,1283,0.0,17.73016891229552,39.8072075098753,56.40104191599211,0.5825675173384139
0.0,80.0,13,SOTA-Qwen3,1283,0.08651597817614964,40.25294968382175,110.16987124457933,24.84289990807592,0.6339510056613291
0.0,80.0,13,StaticBest-cal,1283,0.0,17.73016891229552,39.8072075098753,56.40104191599211,0.5825675173384139
0.0,80.0,13,CWC,1283,0.001558846453624318,23.140391792879036,47.72011627554892,43.21448007236112,0.6095899981245658
0.0,80.0,17,BM25-only,1266,0.0,13.99336099605507,37.4247832223773,71.46245996811733,0.3886518311019451
0.0,80.0,17,Dense-only,1266,0.0,11.288899312304896,24.823743849992752,88.5825953740238,0.5157722762634627
0.0,80.0,17,Fixed-fusion(RRF),1266,0.008688783570300158,27.229515927212567,60.39199512451887,36.7248541132023,0.49517155619731545
0.0,80.0,17,Fixed-rerank@50,1266,0.0315955766192733,40.427426185137215,73.54273825578392,24.735683034099292,0.5094275714837314
0.0,80.0,17,Fixed-rerank@100,1266,0.11927330173775672,54.905625237269916,89.76500399962069,18.21307007576339,0.5094275714837314
0.0,80.0,17,SOTA-SPLADE,1266,0.0,17.926746067454182,38.718423806130886,55.78257181962818,0.5601024755461173
0.0,80.0,17,SOTA-Qwen3,1266,0.08846761453396525,41.229563203344554,108.52862312458456,24.254440801809896,0.6218476634249014
0.0,80.0,17,StaticBest-cal,1266,0.0,17.926746067454182,38.718423806130886,55.78257181962818,0.5601024755461173
0.0,80.0,17,CWC,1266,0.002369668246445498,24.43909473956385,52.1984836935997,40.91804588740043,0.593029518340111
0.0,80.0,23,BM25-only,1311,0.0,13.142288515442296,36.37063084170222,76.09024857618914,0.402643990541475
0.0,80.0,23,Dense-only,1311,0.0,10.869164675940183,24.117948021739725,92.0033903077745,0.5266538224995216
0.0,80.0,23,Fixed-fusion(RRF),1311,0.006102212051868803,25.993232597425457,58.33550449460745,38.47155201846832,0.508601726885421
0.0,80.0,23,Fixed-rerank@50,1311,0.02288329519450801,38.967105365295524,71.56941258788109,25.662670876513438,0.5176373298002818
0.0,80.0,23,Fixed-rerank@100,1311,0.09916094584286804,53.26632733325891,87.76941258788108,18.77358643000737,0.5176373298002818
0.0,80.0,23,SOTA-SPLADE,1311,0.0,17.647315131629654,39.10727612674236,56.66584364483178,0.5752026853522589
0.0,80.0,23,SOTA-Qwen3,1311,0.08466819221967964,39.73194063143147,105.48414010554552,25.16866742745789,0.6297879546616754
0.0,80.0,23,StaticBest-cal,1311,0.0,17.647315131629654,39.10727612674236,56.66584364483178,0.5752026853522589
0.0,80.0,23,CWC,1311,0.0007627765064836003,20.80062094934961,44.811761282011865,48.07548786332111,0.5721811062491475
0.0,80.0,29,BM25-only,1309,0.0,13.3156716774486,36.37109585106373,75.09947858609328,0.41278239437069353
0.0,80.0,29,Dense-only,1309,0.0,10.845343667780448,23.724624887108803,92.20546905957613,0.538091772798501
0.0,80.0,29,Fixed-fusion(RRF),1309,0.006111535523300229,26.070943465440713,56.70518875122066,38.35687808251306,0.52864129662489
0.0,80.0,29,Fixed-rerank@50,1309,0.025210084033613446,39.178708240569,70.51353041076659,25.524067660926963,0.5388899686130191
0.0,80.0,29,Fixed-rerank@100,1309,0.09702062643239114,53.53167997471721,86.33989010244606,18.68052712846479,0.5388899686130191
0.0,80.0,29,SOTA-SPLADE,1309,0.0007639419404125286,17.83279109820211,36.621475964784615,56.076471399971666,0.5835119361113634
0.0,80.0,29,SOTA-Qwen3,1309,0.08403361344537816,40.6070456882075,105.96218090504387,24.626268251039136,0.6260042127095291
0.0,80.0,29,StaticBest-cal,1309,0.0007639419404125286,26.036852016188977,43.45965393930671,38.407100803823305,0.5835119361113634
0.0,80.0,29,CWC,1309,0.002291825821237586,23.13360336633176,47.85008377999067,43.227161119887725,0.604616324889137
0.0,80.0,31,BM25-only,1351,0.0,13.329304159818138,36.59552149474621,75.0226709519129,0.3880036198373311
0.0,80.0,31,Dense-only,1351,0.0,10.764327067895609,23.849156219512224,92.8994440332903,0.5260637235753198
0.0,80.0,31,Fixed-fusion(RRF),1351,0.006661732050333087,26.098576899703392,57.91975185275078,38.31626543634894,0.5013331672035904
0.0,80.0,31,Fixed-rerank@50,1351,0.025166543301258327,39.13089251564861,70.95077318578959,25.555256619820153,0.5130579820454544
0.0,80.0,31,Fixed-rerank@100,1351,0.09326424870466321,53.49052241942359,87.085691652596,18.694900606109577,0.5130579820454544
0.0,80.0,31,SOTA-SPLADE,1351,0.0,17.72072658971294,37.70999237895012,56.43109468098842,0.5686488001956516
0.0,80.0,31,SOTA-Qwen3,1351,0.08586232420429311,40.20644614319948,107.72094782441854,24.871633678798545,0.6216490461609235
0.0,80.0,31,StaticBest-cal,1351,0.0,17.72072658971294,37.70999237895012,56.43109468098842,0.5686488001956516
0.0,80.0,31,CWC,1351,0.0007401924500370096,23.30007252433261,47.03898736387491,42.918321346668996,0.5968069679563948
0.15,80.0,13,BM25-only,1407,0.0,14.918534971135532,37.82852040603758,67.03071058483998,0.39973556297502294
0.15,80.0,13,Dense-only,1407,0.0,12.018412559252834,25.052181538194418,83.20566423143062,0.5347211446873701
0.15,80.0,13,Fixed-fusion(RRF),1407,0.007107320540156361,28.864287805075374,61.36509434074164,34.64488736923432,0.5087176385953313
0.15,80.0,13,Fixed-rerank@50,1407,0.03553660270078181,42.001425142328664,75.35123683416845,23.808715933122205,0.5254405241616765
0.15,80.0,13,Fixed-rerank@100,1407,0.12011371712864251,56.57617993977002,90.99824098142983,17.67528315033963,0.5254405241616765
0.15,80.0,13,SOTA-SPLADE,1407,0.0,19.186642669821747,39.85272431746125,52.11959263581211,0.5863567241237455
0.15,80.0,13,SOTA-Qwen3,1407,0.10092395167022032,44.064872738307535,115.6844997778535,22.69381341321011,0.6380951606522058
0.15,80.0,13,StaticBest-cal,1407,0.0,19.186642669821747,39.85272431746125,52.11959263581211,0.5863567241237455
0.15,80.0,13,CWC,1407,0.0014214641080312722,19.57866397453757,44.518728880211725,51.07600811273534,0.5742906862612686
0.15,80.0,17,BM25-only,1389,0.0,15.102334310822966,38.645459525287116,66.21492938898578,0.39143889267717497
0.15,80.0,17,Dense-only,1389,0.0,12.281324621357019,25.096237473189827,81.42444164866521,0.5112962378654478
0.15,80.0,17,Fixed-fusion(RRF),1389,0.010079193664506839,28.902696642564454,60.752102546393864,34.59884772576269,0.49304348920744256
0.15,80.0,17,Fixed-rerank@50,1389,0.035277177825773935,42.547201048810656,75.87508067351578,23.503308686575835,0.5093766341148679
0.15,80.0,17,Fixed-rerank@100,1389,0.13462922966162708,57.197827398702664,91.47987280642981,17.483181538162437,0.5093766341148679
0.15,80.0,17,SOTA-SPLADE,1389,0.0,19.654606618563786,39.82948437333107,50.878657579210945,0.5647082753193674
0.15,80.0,17,SOTA-Qwen3,1389,0.1007919366450684,44.7186451803563,114.92273118346927,22.362037042197183,0.6221768006192177
0.15,80.0,17,StaticBest-cal,1389,0.0,19.654606618563786,39.82948437333107,50.878657579210945,0.5647082753193674
0.15,80.0,17,CWC,1389,0.0,24.61943981213223,43.82243984490631,40.618308443688036,0.566090618741592
0.15,80.0,23,BM25-only,1446,0.0,14.492587191741888,37.600787123665214,69.00079238921649,0.41081638650599717
0.15,80.0,23,Dense-only,1446,0.0,11.90912229946736,24.69620411284268,83.9692443199383,0.5310204208764354
0.15,80.0,23,Fixed-fusion(RRF),1446,0.006915629322268326,27.83989467170723,60.367163736373186,35.9196761263708,0.5133540218478693
0.15,80.0,23,Fixed-rerank@50,1446,0.029737206085753802,41.454489574196806,73.54113580979407,24.122839534911225,0.5260441620262416
0.15,80.0,23,Fixed-rerank@100,1446,0.11618257261410789,56.0193028522051,89.52518969744443,17.85098973184806,0.5260441620262416
0.15,80.0,23,SOTA-SPLADE,1446,0.0006915629322268327,19.397662154284216,39.845122257247574,51.552604228604814,0.5826300026268744
0.15,80.0,23,SOTA-Qwen3,1446,0.10096818810511757,43.78562227283111,115.42512569576502,22.838547178088135,0.6339772234735127
0.15,80.0,23,StaticBest-cal,1446,0.10096818810511757,43.78562227283111,115.42512569576502,22.838547178088135,0.6339772234735127
0.15,80.0,23,CWC,1446,0.0006915629322268327,25.70740274373757,42.55721423886717,38.8993011067057,0.5846865502902809
0.15,80.0,29,BM25-only,1424,0.0,14.609066756138725,37.74302951060234,68.45064210414401,0.4143419040954097
0.15,80.0,29,Dense-only,1424,0.0,11.970815353888202,24.49196153320371,83.53649859574462,0.535177030537158
0.15,80.0,29,Fixed-fusion(RRF),1424,0.007022471910112359,28.07933419891424,60.31836578622459,35.61338003657749,0.5225986913350936
0.15,80.0,29,Fixed-rerank@50,1424,0.02949438202247191,41.636047840364,73.39809838719665,24.01764941365428,0.5353953018167685
0.15,80.0,29,Fixed-rerank@100,1424,0.1151685393258427,56.193042222386474,89.29857346506417,17.79579749468725,0.5353953018167685
0.15,80.0,29,SOTA-SPLADE,1424,0.0007022471910112359,19.560488049539977,39.57886579446492,51.12346877375168,0.5846529878844707
0.15,80.0,29,SOTA-Qwen3,1424,0.09691011235955056,44.34441310926498,110.73806639760728,22.550755098189985,0.6289038109209499
0.15,80.0,29,StaticBest-cal,1424,0.0007022471910112359,26.0440622987885,43.89171599522233,38.396467821631546,0.5846529878844707
0.15,80.0,29,CWC,1424,0.002106741573033708,26.415453607776318,47.92840903501958,37.85662797422547,0.5995496771606942
0.15,80.0,31,BM25-only,1480,0.0,14.709108143516287,38.599981646984816,67.985087215556,0.39379115271602805
0.15,80.0,31,Dense-only,1480,0.0,11.912289457773236,24.399252561852336,83.94691914974084,0.527931211128197
0.15,80.0,31,Fixed-fusion(RRF),1480,0.00945945945945946,28.221652570836547,60.425124863758676,35.43378607932306,0.5049021823339939
0.15,80.0,31,Fixed-rerank@50,1480,0.03310810810810811,41.715127331019254,73.9432122117877,23.972119084397537,0.5184863970752512
0.15,80.0,31,Fixed-rerank@100,1480,0.11689189189189189,56.289654358046285,90.36019361300764,17.765253871328056,0.5184863970752512
0.15,80.0,31,SOTA-SPLADE,1480,0.0,19.444118325057364,39.825449557974935,51.42943399553962,0.57595080648249
0.15,80.0,31,SOTA-Qwen3,1480,0.10135135135135136,44.03446260858579,115.30006672255693,22.709485724597467,0.6267231863787126
0.15,80.0,31,StaticBest-cal,1480,0.0,19.444118325057364,39.825449557974935,51.42943399553962,0.57595080648249
0.15,80.0,31,CWC,1480,0.0,24.788381697498064,40.90088428109884,40.34147981919013,0.5731285775011529
0.3,80.0,13,BM25-only,1557,0.0,16.192167840584606,39.00070395320652,61.75825311627302,0.40101214887789055
0.3,80.0,13,Dense-only,1557,0.0,12.992230049282428,25.57485625147819,76.96908045861079,0.53457528402363
0.3,80.0,13,Fixed-fusion(RRF),1557,0.009633911368015413,30.61742297364309,63.1849136203527,32.66114201906694,0.5074447365461789
0.3,80.0,13,Fixed-rerank@50,1557,0.04110468850353243,44.34324182050287,77.31234725922339,22.551350757075966,0.5269917546288507
0.3,80.0,13,Fixed-rerank@100,1557,0.14193962748876043,59.110178236687844,93.87679310506581,16.91756022111487,0.5269917546288507
0.3,80.0,13,SOTA-SPLADE,1557,0.0006422607578676942,20.687122561346186,40.10298121720552,48.33925051850838,0.5901082214807887
0.3,80.0,13,SOTA-Qwen3,1557,0.10854206807964033,47.398593459175466,117.4518471583723,21.09767246281902,0.6403948127943918
0.3,80.0,13,StaticBest-cal,1557,0.10854206807964033,47.398593459175466,117.4518471583723,21.09767246281902,0.6403948127943918
0.3,80.0,13,CWC,1557,0.0019267822736030828,25.65849175655333,47.067886607944914,38.97345212212616,0.6071864045465457
0.3,80.0,17,BM25-only,1549,0.0,16.166180398752896,39.279735647141926,61.85753068035432,0.3969569083870491
0.3,80.0,17,Dense-only,1549,0.0,13.131434395620714,25.368920341134068,76.15314289911058,0.5204771013308419
0.3,80.0,17,Fixed-fusion(RRF),1549,0.010974822466107165,30.415694713531447,61.364532854855064,32.87776292530699,0.4986361442007223
0.3,80.0,17,Fixed-rerank@50,1549,0.03873466752743705,44.52824100483196,77.07318174540995,22.457657824199377,0.5179951051100277
0.3,80.0,17,Fixed-rerank@100,1549,0.14460942543576502,59.35145598223674,93.3693761740327,16.84878632630831,0.5179951051100277
0.3,80.0,17,SOTA-SPLADE,1549,0.0006455777921239509,21.16952458591356,40.85775576531887,47.237716460832154,0.574820505188348
0.3,80.0,17,SOTA-Qwen3,1549,0.11620400258231117,48.4728370015759,119.66685447841878,20.6301108385195,0.6285701501094293
0.3,80.0,17,StaticBest-cal,1549,0.11620400258231117,48.4728370015759,119.66685447841878,20.6301108385195,0.6285701501094293
0.3,80.0,17,CWC,1549,0.0006455777921239509,24.780381091538366,43.891621465981004,40.354504489096215,0.5762755316937521
0.3,80.0,23,BM25-only,1585,0.0,15.826543537541426,39.17625732719898,63.184990306186904,0.41050553406102736
0.3,80.0,23,Dense-only,1585,0.0,12.967747689609649,25.15645120292902,77.11439364302605,0.5311833442660453
0.3,80.0,23,Fixed-fusion(RRF),1585,0.010094637223974764,29.9209298090397,61.332337372004986,33.421421272071576,0.5110522523871237
0.3,80.0,23,Fixed-rerank@50,1585,0.03533123028391167,43.93268870349177,76.86991252082586,22.76209422894984,0.5276770813599752
0.3,80.0,23,Fixed-rerank@100,1585,0.13564668769716087,58.71063192115738,92.86519765168428,17.032690115529704,0.5276770813599752
0.3,80.0,23,SOTA-SPLADE,1585,0.0006309148264984228,20.89878783023649,40.35226721316574,47.84966516350743,0.5875465073763871
0.3,80.0,23,SOTA-Qwen3,1585,0.11608832807570978,47.640796351402244,118.00901722162959,20.99041318755299,0.6368129297149656
0.3,80.0,23,StaticBest-cal,1585,0.11608832807570978,47.640796351402244,118.00901722162959,20.99041318755299,0.6368129297149656
0.3,80.0,23,CWC,1585,0.0006309148264984228,25.794268460007313,43.04465510994195,38.76830240603445,0.5896008320135762
0.3,80.0,29,BM25-only,1584,0.0,16.0492044533109,38.979304349049926,62.308384375631974,0.41312170165680906
0.3,80.0,29,Dense-only,1584,0.0,12.941250789527208,25.145495031028982,77.27228351136326,0.5400572026428831
0.3,80.0,29,Fixed-fusion(RRF),1584,0.006944444444444444,30.181028114120014,60.536092392802225,33.13339745149887,0.5224608524067449
0.3,80.0,29,Fixed-rerank@50,1584,0.034722222222222224,44.15193251556538,76.35643394061923,22.649065239612302,0.5384847912832027
0.3,80.0,29,Fixed-rerank@100,1584,0.14015151515151514,58.965455242838104,92.3163216555118,16.959082158896063,0.5384847912832027
0.3,80.0,29,SOTA-SPLADE,1584,0.0006313131313131314,20.897212924231127,39.839488780125976,47.85327132502255,0.595876019300565
0.3,80.0,29,SOTA-Qwen3,1584,0.10795454545454546,47.766919283553804,115.56943370960651,20.93499047036724,0.6409832478797257
0.3,80.0,29,StaticBest-cal,1584,0.10795454545454546,47.766919283553804,115.56943370960651,20.93499047036724,0.6409832478797257
0.3,80.0,29,CWC,1584,0.001893939393939394,26.140612289813735,47.77223941981792,38.25465099720223,0.6081470515975594
0.3,80.0,31,BM25-only,1608,0.0,15.879266754497046,39.28952552378177,62.975200017771456,0.39791069161293535
0.3,80.0,31,Dense-only,1608,0.0,12.807385340930699,24.844387406483293,78.07994944948936,0.5299140309339917
0.3,80.0,31,Fixed-fusion(RRF),1608,0.009328358208955223,29.915708189362668,61.19960234500462,33.42725479437511,0.5085479192598303
0.3,80.0,31,Fixed-rerank@50,1608,0.03544776119402985,43.86116702080088,77.00962076330184,22.799210963213916,0.5226238681483805
0.3,80.0,31,Fixed-rerank@100,1608,0.13432835820895522,58.65183866259192,93.04298923110962,17.049763874458023,0.5226238681483805
0.3,80.0,31,SOTA-SPLADE,1608,0.0006218905472636816,20.86147144054577,40.027392888441675,47.93525724443521,0.5815683678711232
0.3,80.0,31,SOTA-Qwen3,1608,0.11069651741293532,47.389698858762074,116.5948313195258,21.101632297355398,0.633563978940921
0.3,80.0,31,StaticBest-cal,1608,0.11069651741293532,47.389698858762074,116.5948313195258,21.101632297355398,0.633563978940921
0.3,80.0,31,CWC,1608,0.0006218905472636816,26.711923215423358,44.91722811125216,37.43646580350321,0.5805549239112083
0.45,80.0,13,BM25-only,1678,0.0,17.099163721729607,39.60359687916933,58.48239225461071,0.40466572071245327
0.45,80.0,13,Dense-only,1678,0.0,13.838683268503775,26.063181320205327,72.26121015978127,0.5349411829188581
0.45,80.0,13,Fixed-fusion(RRF),1678,0.011918951132300357,32.08028958150107,64.24860316328704,31.171788442229172,0.5102818536408252
0.45,80.0,13,Fixed-rerank@50,1678,0.04290822407628129,46.18024269941097,78.12022210843861,21.65428203807935,0.5288878368112341
0.45,80.0,13,Fixed-rerank@100,1678,0.15613825983313467,61.166798122533734,94.27484815955161,16.348738706196915,0.5288878368112341
0.45,80.0,13,SOTA-SPLADE,1678,0.0005959475566150178,22.101359402747544,41.75310838036239,45.24608562655582,0.5921431000571821
0.45,80.0,13,SOTA-Qwen3,1678,0.12455303933253874,50.76061252702174,120.90822537429631,19.7003138893894,0.6427298410372677
0.45,80.0,13,StaticBest-cal,1678,0.12455303933253874,50.76061252702174,120.90822537429631,19.7003138893894,0.6427298410372677
0.45,80.0,13,CWC,1678,0.0017878426698450535,25.34548502781199,47.5680247798562,39.45475886149682,0.6062694946989353
0.45,80.0,17,BM25-only,1662,0.0,17.22027703130082,40.02518779598176,58.07107505775474,0.40155259905064716
0.45,80.0,17,Dense-only,1662,0.0,13.929450653031665,25.93286372721191,71.79034011526906,0.5258769296177512
0.45,80.0,17,Fixed-fusion(RRF),1662,0.012033694344163659,32.09867227907583,62.70151226781305,31.153936564904907,0.5044872777686104
0.45,80.0,17,Fixed-rerank@50,1662,0.0421179302045728,46.438030933429964,78.10418954579528,21.534074117688668,0.5246090616760786
0.45,80.0,17,Fixed-rerank@100,1662,0.1582430806257521,61.47247136664295,94.13848715029657,16.267444235902868,0.5246090616760786
0.45,80.0,17,SOTA-SPLADE,1662,0.0006016847172081829,22.367643160189623,41.76853480748832,44.707437115226334,0.5835523629562089
0.45,80.0,17,SOTA-Qwen3,1662,0.1269554753309266,51.148920245838454,120.7696788012981,19.55075483888365,0.6374718611673008
0.45,80.0,17,StaticBest-cal,1662,0.1269554753309266,51.148920245838454,120.7696788012981,19.55075483888365,0.6374718611673008
0.45,80.0,17,CWC,1662,0.044524669073405534,30.615450304519797,72.09701212123034,32.6632464998357,0.6031831837843581
0.45,80.0,23,BM25-only,1707,0.0,16.891414095392843,39.670467656105735,59.20167455208806,0.4118763175363939
0.45,80.0,23,Dense-only,1707,0.0,13.754878752861078,25.634414236992587,72.70147690629373,0.5379667867713639
0.45,80.0,23,Fixed-fusion(RRF),1707,0.011130638547158758,31.545979890221645,62.51661693677305,31.699760269928134,0.5143906624346224
0.45,80.0,23,Fixed-rerank@50,1707,0.04159343878148799,45.877751547726675,78.04052670678492,21.79705775161407,0.5336226496109718
0.45,80.0,23,Fixed-rerank@100,1707,0.15231400117164617,60.872795484457775,94.11843020483852,16.42769963234764,0.5336226496109718
0.45,80.0,23,SOTA-SPLADE,1707,0.0005858230814294083,22.076653650354576,41.05328368023037,45.296720048146376,0.5946249597330893
0.45,80.0,23,SOTA-Qwen3,1707,0.1259519625073228,50.475515613379315,120.53187470883125,19.811585634103647,0.646157105181259
0.45,80.0,23,StaticBest-cal,1707,0.1259519625073228,50.475515613379315,120.53187470883125,19.811585634103647,0.646157105181259
0.45,80.0,23,CWC,1707,0.0011716461628588166,26.390197880975883,46.949126690030056,37.89285720820146,0.6123085680606843
0.45,80.0,29,BM25-only,1715,0.0,16.91394785125862,39.72349213436246,59.122802600197616,0.4130342076537107
0.45,80.0,29,Dense-only,1715,0.0,13.668533204823905,25.519063137471672,73.16073970885768,0.5350266137198818
0.45,80.0,29,Fixed-fusion(RRF),1715,0.010495626822157435,31.457356990211732,61.646328959614024,31.789066077965796,0.5175563724841804
0.45,80.0,29,Fixed-rerank@50,1715,0.0402332361516035,45.80397376745279,77.77156268918515,21.832166900562154,0.5358418999103988
0.45,80.0,29,Fixed-rerank@100,1715,0.15393586005830903,60.760241989027136,93.96530958724021,16.45813063385417,0.5358418999103988
0.45,80.0,29,SOTA-SPLADE,1715,0.0005830903790087463,22.034714689081856,40.79964254051447,45.38293388910987,0.5961239119858461
0.45,80.0,29,SOTA-Qwen3,1715,0.12361516034985423,50.71192705010012,120.67376803606749,19.719226978143904,0.6421960213243724
0.45,80.0,29,StaticBest-cal,1715,0.12361516034985423,50.71192705010012,120.67376803606749,19.719226978143904,0.6421960213243724
0.45,80.0,29,CWC,1715,0.001749271137026239,26.711545712432343,47.838112551122904,37.436994877259025,0.6078451208882985
0.45,80.0,31,BM25-only,1732,0.0,16.87622230250483,39.640071848407366,59.25496725956119,0.40433489670107214
0.45,80.0,31,Dense-only,1732,0.0,13.6245489793165,25.683344854041923,73.39692502981973,0.5327078113018727
0.45,80.0,31,Fixed-fusion(RRF),1732,0.010969976905311778,31.451253173821637,62.11667330935585,31.795235454476174,0.5096793504430588
0.45,80.0,31,Fixed-rerank@50,1732,0.04041570438799076,45.72438560052803,77.77662948375941,21.870168114155085,0.5273226453737385
0.45,80.0,31,Fixed-rerank@100,1732,0.15242494226327943,60.68652185918854,93.98176750677821,16.478123467354227,0.5273226453737385
0.45,80.0,31,SOTA-SPLADE,1732,0.0005773672055427252,21.869041164530394,40.06743715144693,45.72674185743038,0.5897789667090141
0.45,80.0,31,SOTA-Qwen3,1732,0.12124711316397228,50.10032274240873,120.69590128958222,19.959951259026997,0.640328669565396
0.45,80.0,31,StaticBest-cal,1732,0.12124711316397228,50.10032274240873,120.69590128958222,19.959951259026997,0.640328669565396
0.45,80.0,31,CWC,1732,0.0005773672055427252,25.85554016701955,43.62078862376507,38.67643041066943,0.5913690198588906
0.0,120.0,13,BM25-only,1283,0.0,13.53189392902381,36.09306216239929,73.89948555945709,0.40093467905396707
0.0,120.0,13,Dense-only,1283,0.0,11.070757968872437,24.647267442196597,90.32805186525549,0.5372244307103361
0.0,120.0,13,Fixed-fusion(RRF),1283,0.0,26.863875755536444,60.4170280341804,37.22471057788106,0.5130178886160094
0.0,120.0,13,Fixed-rerank@50,1283,0.0,39.559908328137865,72.86119577190279,25.278117221741077,0.526709046866696
0.0,120.0,13,Fixed-rerank@100,1283,0.000779423226812159,53.86142040919788,89.06743232959508,18.566164657425755,0.526709046866696
0.0,120.0,13,SOTA-SPLADE,1283,0.0,17.73016891229552,39.8072075098753,56.40104191599211,0.5825675173384139
0.0,120.0,13,SOTA-Qwen3,1283,0.036632891660171474,40.25294968382175,110.16987124457933,24.84289990807592,0.6339510056613291
0.0,120.0,13,StaticBest-cal,1283,0.036632891660171474,40.25294968382175,110.16987124457933,24.84289990807592,0.6339510056613291
0.0,120.0,13,CWC,1283,0.0,23.140391792879036,47.72011627554892,43.21448007236112,0.6095899981245658
0.0,120.0,17,BM25-only,1266,0.0,13.99336099605507,37.4247832223773,71.46245996811733,0.3886518311019451
0.0,120.0,17,Dense-only,1266,0.0,11.288899312304896,24.823743849992752,88.5825953740238,0.5157722762634627
0.0,120.0,17,Fixed-fusion(RRF),1266,0.0,27.229515927212567,60.39199512451887,36.7248541132023,0.49517155619731545
0.0,120.0,17,Fixed-rerank@50,1266,0.0,40.427426185137215,73.54273825578392,24.735683034099292,0.5094275714837314
0.0,120.0,17,Fixed-rerank@100,1266,0.0039494470774091624,54.905625237269916,89.76500399962069,18.21307007576339,0.5094275714837314
0.0,120.0,17,SOTA-SPLADE,1266,0.0,17.926746067454182,38.718423806130886,55.78257181962818,0.5601024755461173
0.0,120.0,17,SOTA-Qwen3,1266,0.036334913112164295,41.229563203344554,108.52862312458456,24.254440801809896,0.6218476634249014
0.0,120.0,17,StaticBest-cal,1266,0.036334913112164295,41.229563203344554,108.52862312458456,24.254440801809896,0.6218476634249014
0.0,120.0,17,CWC,1266,0.0,24.43909473956385,52.1984836935997,40.91804588740043,0.593029518340111
0.0,120.0,23,BM25-only,1311,0.0,13.142288515442296,36.37063084170222,76.09024857618914,0.402643990541475
0.0,120.0,23,Dense-only,1311,0.0,10.869164675940183,24.117948021739725,92.0033903077745,0.5266538224995216
0.0,120.0,23,Fixed-fusion(RRF),1311,0.0,25.993232597425457,58.33550449460745,38.47155201846832,0.508601726885421
0.0,120.0,23,Fixed-rerank@50,1311,0.0007627765064836003,38.967105365295524,71.56941258788109,25.662670876513438,0.5176373298002818
0.0,120.0,23,Fixed-rerank@100,1311,0.005339435545385202,53.26632733325891,87.76941258788108,18.77358643000737,0.5176373298002818
0.0,120.0,23,SOTA-SPLADE,1311,0.0,17.647315131629654,39.10727612674236,56.66584364483178,0.5752026853522589
0.0,120.0,23,SOTA-Qwen3,1311,0.034324942791762014,39.73194063143147,105.48414010554552,25.16866742745789,0.6297879546616754
0.0,120.0,23,StaticBest-cal,1311,0.034324942791762014,39.73194063143147,105.48414010554552,25.16866742745789,0.6297879546616754
0.0,120.0,23,CWC,1311,0.0,24.111483791026675,46.43069067969918,41.47401332356658,0.6030072549057119
0.0,120.0,29,BM25-only,1309,0.0,13.3156716774486,36.37109585106373,75.09947858609328,0.41278239437069353
0.0,120.0,29,Dense-only,1309,0.0,10.845343667780448,23.724624887108803,92.20546905957613,0.538091772798501
0.0,120.0,29,Fixed-fusion(RRF),1309,0.0,26.070943465440713,56.70518875122066,38.35687808251306,0.52864129662489
0.0,120.0,29,Fixed-rerank@50,1309,0.0,39.178708240569,70.51353041076659,25.524067660926963,0.5388899686130191
0.0,120.0,29,Fixed-rerank@100,1309,0.004583651642475172,53.53167997471721,86.33989010244606,18.68052712846479,0.5388899686130191
0.0,120.0,29,SOTA-SPLADE,1309,0.0,17.83279109820211,36.621475964784615,56.076471399971666,0.5835119361113634
0.0,120.0,29,SOTA-Qwen3,1309,0.03132161955691368,40.6070456882075,105.96218090504387,24.626268251039136,0.6260042127095291
0.0,120.0,29,StaticBest-cal,1309,0.03132161955691368,40.6070456882075,105.96218090504387,24.626268251039136,0.6260042127095291
0.0,120.0,29,CWC,1309,0.0,23.13360336633176,47.85008377999067,43.227161119887725,0.604616324889137
0.0,120.0,31,BM25-only,1351,0.0,13.329304159818138,36.59552149474621,75.0226709519129,0.3880036198373311
0.0,120.0,31,Dense-only,1351,0.0,10.764327067895609,23.849156219512224,92.8994440332903,0.5260637235753198
0.0,120.0,31,Fixed-fusion(RRF),1351,0.0,26.098576899703392,57.91975185275078,38.31626543634894,0.5013331672035904
0.0,120.0,31,Fixed-rerank@50,1351,0.0007401924500370096,39.13089251564861,70.95077318578959,25.555256619820153,0.5130579820454544
0.0,120.0,31,Fixed-rerank@100,1351,0.0029607698001480384,53.49052241942359,87.085691652596,18.694900606109577,0.5130579820454544
0.0,120.0,31,SOTA-SPLADE,1351,0.0,17.72072658971294,37.70999237895012,56.43109468098842,0.5686488001956516
0.0,120.0,31,SOTA-Qwen3,1351,0.0384900074019245,40.20644614319948,107.72094782441854,24.871633678798545,0.6216490461609235
0.0,120.0,31,StaticBest-cal,1351,0.0384900074019245,40.20644614319948,107.72094782441854,24.871633678798545,0.6216490461609235
0.0,120.0,31,CWC,1351,0.0,23.30007252433261,47.03898736387491,42.918321346668996,0.5968069679563948
0.15,120.0,13,BM25-only,1407,0.0,14.918534971135532,37.82852040603758,67.03071058483998,0.39973556297502294
0.15,120.0,13,Dense-only,1407,0.0,12.018412559252834,25.052181538194418,83.20566423143062,0.5347211446873701
0.15,120.0,13,Fixed-fusion(RRF),1407,0.0,28.864287805075374,61.36509434074164,34.64488736923432,0.5087176385953313
0.15,120.0,13,Fixed-rerank@50,1407,0.0,42.001425142328664,75.35123683416845,23.808715933122205,0.5254405241616765
0.15,120.0,13,Fixed-rerank@100,1407,0.0021321961620469083,56.57617993977002,90.99824098142983,17.67528315033963,0.5254405241616765
0.15,120.0,13,SOTA-SPLADE,1407,0.0,19.186642669821747,39.85272431746125,52.11959263581211,0.5863567241237455
0.15,120.0,13,SOTA-Qwen3,1407,0.042643923240938165,44.064872738307535,115.6844997778535,22.69381341321011,0.6380951606522058
0.15,120.0,13,StaticBest-cal,1407,0.042643923240938165,44.064872738307535,115.6844997778535,22.69381341321011,0.6380951606522058
0.15,120.0,13,CWC,1407,0.0,23.458360612204974,47.48172889575363,42.62872485128895,0.6085575441726461
0.15,120.0,17,BM25-only,1389,0.0,15.102334310822966,38.645459525287116,66.21492938898578,0.39143889267717497
0.15,120.0,17,Dense-only,1389,0.0,12.281324621357019,25.096237473189827,81.42444164866521,0.5112962378654478
0.15,120.0,17,Fixed-fusion(RRF),1389,0.0,28.902696642564454,60.752102546393864,34.59884772576269,0.49304348920744256
0.15,120.0,17,Fixed-rerank@50,1389,0.0007199424046076314,42.547201048810656,75.87508067351578,23.503308686575835,0.5093766341148679
0.15,120.0,17,Fixed-rerank@100,1389,0.005039596832253419,57.197827398702664,91.47987280642981,17.483181538162437,0.5093766341148679
0.15,120.0,17,SOTA-SPLADE,1389,0.0,19.654606618563786,39.82948437333107,50.878657579210945,0.5647082753193674
0.15,120.0,17,SOTA-Qwen3,1389,0.04175665946724262,44.7186451803563,114.92273118346927,22.362037042197183,0.6221768006192177
0.15,120.0,17,StaticBest-cal,1389,0.04175665946724262,44.7186451803563,114.92273118346927,22.362037042197183,0.6221768006192177
0.15,120.0,17,CWC,1389,0.0,23.818101260360514,47.75134836435318,41.98487482561252,0.5947342863256623
0.15,120.0,23,BM25-only,1446,0.0,14.492587191741888,37.600787123665214,69.00079238921649,0.41081638650599717
0.15,120.0,23,Dense-only,1446,0.0,11.90912229946736,24.69620411284268,83.9692443199383,0.5310204208764354
0.15,120.0,23,Fixed-fusion(RRF),1446,0.0,27.83989467170723,60.367163736373186,35.9196761263708,0.5133540218478693
0.15,120.0,23,Fixed-rerank@50,1446,0.0006915629322268327,41.454489574196806,73.54113580979407,24.122839534911225,0.5260441620262416
0.15,120.0,23,Fixed-rerank@100,1446,0.005532503457814661,56.0193028522051,89.52518969744443,17.85098973184806,0.5260441620262416
0.15,120.0,23,SOTA-SPLADE,1446,0.0,19.397662154284216,39.845122257247574,51.552604228604814,0.5826300026268744
0.15,120.0,23,SOTA-Qwen3,1446,0.040110650069156296,43.78562227283111,115.42512569576502,22.838547178088135,0.6339772234735127
0.15,120.0,23,StaticBest-cal,1446,0.040110650069156296,43.78562227283111,115.42512569576502,22.838547178088135,0.6339772234735127
0.15,120.0,23,CWC,1446,0.0,24.803809293888587,46.37898458167911,40.31638802538246,0.6069779184917665
0.15,120.0,29,BM25-only,1424,0.0,14.609066756138725,37.74302951060234,68.45064210414401,0.4143419040954097
0.15,120.0,29,Dense-only,1424,0.0,11.970815353888202,24.49196153320371,83.53649859574462,0.535177030537158
0.15,120.0,29,Fixed-fusion(RRF),1424,0.0,28.07933419891424,60.31836578622459,35.61338003657749,0.5225986913350936
0.15,120.0,29,Fixed-rerank@50,1424,0.0,41.636047840364,73.39809838719665,24.01764941365428,0.5353953018167685
0.15,120.0,29,Fixed-rerank@100,1424,0.004213483146067416,56.193042222386474,89.29857346506417,17.79579749468725,0.5353953018167685
0.15,120.0,29,SOTA-SPLADE,1424,0.0,19.560488049539977,39.57886579446492,51.12346877375168,0.5846529878844707
0.15,120.0,29,SOTA-Qwen3,1424,0.03581460674157303,44.34441310926498,110.73806639760728,22.550755098189985,0.6289038109209499
0.15,120.0,29,StaticBest-cal,1424,0.03581460674157303,44.34441310926498,110.73806639760728,22.550755098189985,0.6289038109209499
0.15,120.0,29,CWC,1424,0.0,26.415453607776318,47.92840903501958,37.85662797422547,0.5995496771606942
0.15,120.0,31,BM25-only,1480,0.0,14.709108143516287,38.599981646984816,67.985087215556,0.39379115271602805
0.15,120.0,31,Dense-only,1480,0.0,11.912289457773236,24.399252561852336,83.94691914974084,0.527931211128197
0.15,120.0,31,Fixed-fusion(RRF),1480,0.0,28.221652570836547,60.425124863758676,35.43378607932306,0.5049021823339939
0.15,120.0,31,Fixed-rerank@50,1480,0.0006756756756756757,41.715127331019254,73.9432122117877,23.972119084397537,0.5184863970752512
0.15,120.0,31,Fixed-rerank@100,1480,0.004054054054054054,56.289654358046285,90.36019361300764,17.765253871328056,0.5184863970752512
0.15,120.0,31,SOTA-SPLADE,1480,0.0,19.444118325057364,39.825449557974935,51.42943399553962,0.57595080648249
0.15,120.0,31,SOTA-Qwen3,1480,0.04391891891891892,44.03446260858579,115.30006672255693,22.709485724597467,0.6267231863787126
0.15,120.0,31,StaticBest-cal,1480,0.04391891891891892,44.03446260858579,115.30006672255693,22.709485724597467,0.6267231863787126
0.15,120.0,31,CWC,1480,0.0,25.240991320865582,47.74321521744132,39.61809531519253,0.5993045610617824
0.3,120.0,13,BM25-only,1557,0.0,16.192167840584606,39.00070395320652,61.75825311627302,0.40101214887789055
0.3,120.0,13,Dense-only,1557,0.0,12.992230049282428,25.57485625147819,76.96908045861079,0.53457528402363
0.3,120.0,13,Fixed-fusion(RRF),1557,0.0,30.61742297364309,63.1849136203527,32.66114201906694,0.5074447365461789
0.3,120.0,13,Fixed-rerank@50,1557,0.0,44.34324182050287,77.31234725922339,22.551350757075966,0.5269917546288507
0.3,120.0,13,Fixed-rerank@100,1557,0.0038535645472061657,59.110178236687844,93.87679310506581,16.91756022111487,0.5269917546288507
0.3,120.0,13,SOTA-SPLADE,1557,0.0,20.687122561346186,40.10298121720552,48.33925051850838,0.5901082214807887
0.3,120.0,13,SOTA-Qwen3,1557,0.047527296082209375,47.398593459175466,117.4518471583723,21.09767246281902,0.6403948127943918
0.3,120.0,13,StaticBest-cal,1557,0.047527296082209375,47.398593459175466,117.4518471583723,21.09767246281902,0.6403948127943918
0.3,120.0,13,CWC,1557,0.0,25.65849175655333,47.067886607944914,38.97345212212616,0.6071864045465457
0.3,120.0,17,BM25-only,1549,0.0,16.166180398752896,39.279735647141926,61.85753068035432,0.3969569083870491
0.3,120.0,17,Dense-only,1549,0.0,13.131434395620714,25.368920341134068,76.15314289911058,0.5204771013308419
0.3,120.0,17,Fixed-fusion(RRF),1549,0.0,30.415694713531447,61.364532854855064,32.87776292530699,0.4986361442007223
0.3,120.0,17,Fixed-rerank@50,1549,0.0006455777921239509,44.52824100483196,77.07318174540995,22.457657824199377,0.5179951051100277
0.3,120.0,17,Fixed-rerank@100,1549,0.005810200129115558,59.35145598223674,93.3693761740327,16.84878632630831,0.5179951051100277
0.3,120.0,17,SOTA-SPLADE,1549,0.0,21.16952458591356,40.85775576531887,47.237716460832154,0.574820505188348
0.3,120.0,17,SOTA-Qwen3,1549,0.04906391220142027,48.4728370015759,119.66685447841878,20.6301108385195,0.6285701501094293
0.3,120.0,17,StaticBest-cal,1549,0.04906391220142027,48.4728370015759,119.66685447841878,20.6301108385195,0.6285701501094293
0.3,120.0,17,CWC,1549,0.0,24.681045083034473,47.71009688705205,40.51692287079816,0.5974821235838162
0.3,120.0,23,BM25-only,1585,0.0,15.826543537541426,39.17625732719898,63.184990306186904,0.41050553406102736
0.3,120.0,23,Dense-only,1585,0.0,12.967747689609649,25.15645120292902,77.11439364302605,0.5311833442660453
0.3,120.0,23,Fixed-fusion(RRF),1585,0.0,29.9209298090397,61.332337372004986,33.421421272071576,0.5110522523871237
0.3,120.0,23,Fixed-rerank@50,1585,0.0006309148264984228,43.93268870349177,76.86991252082586,22.76209422894984,0.5276770813599752
0.3,120.0,23,Fixed-rerank@100,1585,0.005047318611987382,58.71063192115738,92.86519765168428,17.032690115529704,0.5276770813599752
0.3,120.0,23,SOTA-SPLADE,1585,0.0,20.89878783023649,40.35226721316574,47.84966516350743,0.5875465073763871
0.3,120.0,23,SOTA-Qwen3,1585,0.04794952681388013,47.640796351402244,118.00901722162959,20.99041318755299,0.6368129297149656
0.3,120.0,23,StaticBest-cal,1585,0.04794952681388013,47.640796351402244,118.00901722162959,20.99041318755299,0.6368129297149656
0.3,120.0,23,CWC,1585,0.0,26.995886221174658,50.987560200691206,37.042680940610644,0.6051081661576163
0.3,120.0,29,BM25-only,1584,0.0,16.0492044533109,38.979304349049926,62.308384375631974,0.41312170165680906
0.3,120.0,29,Dense-only,1584,0.0,12.941250789527208,25.145495031028982,77.27228351136326,0.5400572026428831
0.3,120.0,29,Fixed-fusion(RRF),1584,0.0,30.181028114120014,60.536092392802225,33.13339745149887,0.5224608524067449
0.3,120.0,29,Fixed-rerank@50,1584,0.0,44.15193251556538,76.35643394061923,22.649065239612302,0.5384847912832027
0.3,120.0,29,Fixed-rerank@100,1584,0.004419191919191919,58.965455242838104,92.3163216555118,16.959082158896063,0.5384847912832027
0.3,120.0,29,SOTA-SPLADE,1584,0.0,20.897212924231127,39.839488780125976,47.85327132502255,0.595876019300565
0.3,120.0,29,SOTA-Qwen3,1584,0.041035353535353536,47.766919283553804,115.56943370960651,20.93499047036724,0.6409832478797257
0.3,120.0,29,StaticBest-cal,1584,0.041035353535353536,47.766919283553804,115.56943370960651,20.93499047036724,0.6409832478797257
0.3,120.0,29,CWC,1584,0.0,26.140612289813735,47.77223941981792,38.25465099720223,0.6081470515975594
0.3,120.0,31,BM25-only,1608,0.0,15.879266754497046,39.28952552378177,62.975200017771456,0.39791069161293535
0.3,120.0,31,Dense-only,1608,0.0,12.807385340930699,24.844387406483293,78.07994944948936,0.5299140309339917
0.3,120.0,31,Fixed-fusion(RRF),1608,0.0,29.915708189362668,61.19960234500462,33.42725479437511,0.5085479192598303
0.3,120.0,31,Fixed-rerank@50,1608,0.0006218905472636816,43.86116702080088,77.00962076330184,22.799210963213916,0.5226238681483805
0.3,120.0,31,Fixed-rerank@100,1608,0.004353233830845771,58.65183866259192,93.04298923110962,17.049763874458023,0.5226238681483805
0.3,120.0,31,SOTA-SPLADE,1608,0.0,20.86147144054577,40.027392888441675,47.93525724443521,0.5815683678711232
0.3,120.0,31,SOTA-Qwen3,1608,0.04788557213930348,47.389698858762074,116.5948313195258,21.101632297355398,0.633563978940921
0.3,120.0,31,StaticBest-cal,1608,0.04788557213930348,47.389698858762074,116.5948313195258,21.101632297355398,0.633563978940921
0.3,120.0,31,CWC,1608,0.0,26.767929412961582,47.8841487236321,37.35813796325163,0.5987543579416194
0.45,120.0,13,BM25-only,1678,0.0,17.099163721729607,39.60359687916933,58.48239225461071,0.40466572071245327
0.45,120.0,13,Dense-only,1678,0.0,13.838683268503775,26.063181320205327,72.26121015978127,0.5349411829188581
0.45,120.0,13,Fixed-fusion(RRF),1678,0.0,32.08028958150107,64.24860316328704,31.171788442229172,0.5102818536408252
0.45,120.0,13,Fixed-rerank@50,1678,0.0,46.18024269941097,78.12022210843861,21.65428203807935,0.5288878368112341
0.45,120.0,13,Fixed-rerank@100,1678,0.005363528009535161,61.166798122533734,94.27484815955161,16.348738706196915,0.5288878368112341
0.45,120.0,13,SOTA-SPLADE,1678,0.0,22.101359402747544,41.75310838036239,45.24608562655582,0.5921431000571821
0.45,120.0,13,SOTA-Qwen3,1678,0.052443384982121574,50.76061252702174,120.90822537429631,19.7003138893894,0.6427298410372677
0.45,120.0,13,StaticBest-cal,1678,0.052443384982121574,50.76061252702174,120.90822537429631,19.7003138893894,0.6427298410372677
0.45,120.0,13,CWC,1678,0.0,25.34548502781199,47.5680247798562,39.45475886149682,0.6062694946989353
0.45,120.0,17,BM25-only,1662,0.0,17.22027703130082,40.02518779598176,58.07107505775474,0.40155259905064716
0.45,120.0,17,Dense-only,1662,0.0,13.929450653031665,25.93286372721191,71.79034011526906,0.5258769296177512
0.45,120.0,17,Fixed-fusion(RRF),1662,0.0,32.09867227907583,62.70151226781305,31.153936564904907,0.5044872777686104
0.45,120.0,17,Fixed-rerank@50,1662,0.0006016847172081829,46.438030933429964,78.10418954579528,21.534074117688668,0.5246090616760786
0.45,120.0,17,Fixed-rerank@100,1662,0.006016847172081829,61.47247136664295,94.13848715029657,16.267444235902868,0.5246090616760786
0.45,120.0,17,SOTA-SPLADE,1662,0.0,22.367643160189623,41.76853480748832,44.707437115226334,0.5835523629562089
0.45,120.0,17,SOTA-Qwen3,1662,0.05174488567990373,51.148920245838454,120.7696788012981,19.55075483888365,0.6374718611673008
0.45,120.0,17,StaticBest-cal,1662,0.05174488567990373,51.148920245838454,120.7696788012981,19.55075483888365,0.6374718611673008
0.45,120.0,17,CWC,1662,0.02045728038507822,30.615450304519797,72.09701212123034,32.6632464998357,0.6031831837843581
0.45,120.0,23,BM25-only,1707,0.0,16.891414095392843,39.670467656105735,59.20167455208806,0.4118763175363939
0.45,120.0,23,Dense-only,1707,0.0,13.754878752861078,25.634414236992587,72.70147690629373,0.5379667867713639
0.45,120.0,23,Fixed-fusion(RRF),1707,0.0,31.545979890221645,62.51661693677305,31.699760269928134,0.5143906624346224
0.45,120.0,23,Fixed-rerank@50,1707,0.0005858230814294083,45.877751547726675,78.04052670678492,21.79705775161407,0.5336226496109718
0.45,120.0,23,Fixed-rerank@100,1707,0.005858230814294083,60.872795484457775,94.11843020483852,16.42769963234764,0.5336226496109718
0.45,120.0,23,SOTA-SPLADE,1707,0.0,22.076653650354576,41.05328368023037,45.296720048146376,0.5946249597330893
0.45,120.0,23,SOTA-Qwen3,1707,0.050966608084358524,50.475515613379315,120.53187470883125,19.811585634103647,0.646157105181259
0.45,120.0,23,StaticBest-cal,1707,0.050966608084358524,50.475515613379315,120.53187470883125,19.811585634103647,0.646157105181259
0.45,120.0,23,CWC,1707,0.03163444639718805,45.212613480790324,103.51504142507893,22.11772164917815,0.6486344109020517
0.45,120.0,29,BM25-only,1715,0.0,16.91394785125862,39.72349213436246,59.122802600197616,0.4130342076537107
0.45,120.0,29,Dense-only,1715,0.0,13.668533204823905,25.519063137471672,73.16073970885768,0.5350266137198818
0.45,120.0,29,Fixed-fusion(RRF),1715,0.0,31.457356990211732,61.646328959614024,31.789066077965796,0.5175563724841804
0.45,120.0,29,Fixed-rerank@50,1715,0.0,45.80397376745279,77.77156268918515,21.832166900562154,0.5358418999103988
0.45,120.0,29,Fixed-rerank@100,1715,0.0052478134110787176,60.760241989027136,93.96530958724021,16.45813063385417,0.5358418999103988
0.45,120.0,29,SOTA-SPLADE,1715,0.0,22.034714689081856,40.79964254051447,45.38293388910987,0.5961239119858461
0.45,120.0,29,SOTA-Qwen3,1715,0.05131195335276968,50.71192705010012,120.67376803606749,19.719226978143904,0.6421960213243724
0.45,120.0,29,StaticBest-cal,1715,0.05131195335276968,50.71192705010012,120.67376803606749,19.719226978143904,0.6421960213243724
0.45,120.0,29,CWC,1715,0.03323615160349854,45.748633504664326,103.8364969111979,21.85857638563225,0.6432767153256164
0.45,120.0,31,BM25-only,1732,0.0,16.87622230250483,39.640071848407366,59.25496725956119,0.40433489670107214
0.45,120.0,31,Dense-only,1732,0.0,13.6245489793165,25.683344854041923,73.39692502981973,0.5327078113018727
0.45,120.0,31,Fixed-fusion(RRF),1732,0.0,31.451253173821637,62.11667330935585,31.795235454476174,0.5096793504430588
0.45,120.0,31,Fixed-rerank@50,1732,0.0005773672055427252,45.72438560052803,77.77662948375941,21.870168114155085,0.5273226453737385
0.45,120.0,31,Fixed-rerank@100,1732,0.005773672055427252,60.68652185918854,93.98176750677821,16.478123467354227,0.5273226453737385
0.45,120.0,31,SOTA-SPLADE,1732,0.0,21.869041164530394,40.06743715144693,45.72674185743038,0.5897789667090141
0.45,120.0,31,SOTA-Qwen3,1732,0.05138568129330254,50.10032274240873,120.69590128958222,19.959951259026997,0.640328669565396
0.45,120.0,31,StaticBest-cal,1732,0.05138568129330254,50.10032274240873,120.69590128958222,19.959951259026997,0.640328669565396
0.45,120.0,31,CWC,1732,0.021939953810623556,31.813885705786184,75.8841339033097,31.4328155085477,0.6078013285774552
